record_id,date,day_of_week,day_part,sales_usd,labor_hours,transactions,staff_on_floor
1,2024-01-01,Monday,morning,659.53,15.8,48,8
2,2024-01-01,Monday,midday,1230.91,14.4,123,6
3,2024-01-01,Monday,afternoon,1108.95,8.4,141,5
4,2024-01-01,Monday,evening,1563.93,8.8,53,6
5,2024-01-01,Monday,night,376.71,9.5,87,7
6,2024-01-02,Tuesday,morning,788.42,15.5,45,6
7,2024-01-02,Tuesday,midday,1238.08,10.7,172,8
8,2024-01-02,Tuesday,afternoon,1066.94,9.6,137,3
9,2024-01-02,Tuesday,evening,1519.31,14.7,76,2
10,2024-01-02,Tuesday,night,513.69,15.0,193,3
11,2024-01-03,Wednesday,morning,689.91,8.8,45,6
12,2024-01-03,Wednesday,midday,1402.42,10.5,166,5
13,2024-01-03,Wednesday,afternoon,1155.25,19.1,122,4
14,2024-01-03,Wednesday,evening,1621.75,11.0,76,7
15,2024-01-03,Wednesday,night,576.16,11.6,156,4
16,2024-01-04,Thursday,morning,767.52,16.8,103,6
17,2024-01-04,Thursday,midday,1439.79,13.0,117,3
18,2024-01-04,Thursday,afternoon,1195.02,19.2,137,2
19,2024-01-04,Thursday,evening,1831.25,14.7,110,4
20,2024-01-04,Thursday,night,592.4,16.3,182,5
21,2024-01-05,Friday,morning,882.59,18.1,99,5
22,2024-01-05,Friday,midday,1637.51,16.4,46,2
23,2024-01-05,Friday,afternoon,1431.87,14.9,144,4
24,2024-01-05,Friday,evening,2091.62,16.6,118,2
25,2024-01-05,Friday,night,789.83,15.3,156,2
26,2024-01-06,Saturday,morning,1052.68,10.6,103,3
27,2024-01-06,Saturday,midday,1884.11,19.0,157,2
28,2024-01-06,Saturday,afternoon,1539.63,10.0,132,6
29,2024-01-06,Saturday,evening,2422.44,13.2,170,4
30,2024-01-06,Saturday,night,852.75,16.5,121,7
31,2024-01-07,Sunday,morning,1070.27,9.8,75,3
32,2024-01-07,Sunday,midday,1476.16,10.8,89,2
33,2024-01-07,Sunday,afternoon,1273.77,11.2,31,3
34,2024-01-07,Sunday,evening,2080.07,13.0,124,6
35,2024-01-07,Sunday,night,509.05,16.3,161,6
36,2024-01-08,Monday,morning,599.88,15.9,43,5
37,2024-01-08,Monday,midday,1302.38,18.5,173,5
38,2024-01-08,Monday,afternoon,937.85,12.8,130,2
39,2024-01-08,Monday,evening,1449.62,10.3,83,5
40,2024-01-08,Monday,night,519.37,9.9,117,6
41,2024-01-09,Tuesday,morning,721.63,9.8,55,4
42,2024-01-09,Tuesday,midday,1260.56,15.4,48,8
43,2024-01-09,Tuesday,afternoon,1100.3,15.6,118,6
44,2024-01-09,Tuesday,evening,1695.03,12.4,61,2
45,2024-01-09,Tuesday,night,686.98,13.6,153,4
46,2024-01-10,Wednesday,morning,554.83,9.0,56,7
47,2024-01-10,Wednesday,midday,1295.51,17.9,71,6
48,2024-01-10,Wednesday,afternoon,1192.41,8.3,165,4
49,2024-01-10,Wednesday,evening,1770.58,8.3,165,4
50,2024-01-10,Wednesday,night,649.74,19.7,53,7
51,2024-01-11,Thursday,morning,854.58,18.9,121,8
52,2024-01-11,Thursday,midday,1320.17,10.7,168,8
53,2024-01-11,Thursday,afternoon,1086.21,15.4,79,8
54,2024-01-11,Thursday,evening,1798.07,10.9,132,7
55,2024-01-11,Thursday,night,617.57,13.9,37,2
56,2024-01-12,Friday,morning,909.54,17.5,150,4
57,2024-01-12,Friday,midday,1717.81,12.1,119,4
58,2024-01-12,Friday,afternoon,1542.29,9.0,56,3
59,2024-01-12,Friday,evening,2088.65,13.8,186,8
60,2024-01-12,Friday,night,733.57,8.0,197,4
61,2024-01-13,Saturday,morning,1090.33,15.9,129,8
62,2024-01-13,Saturday,midday,1857.95,16.5,81,5
63,2024-01-13,Saturday,afternoon,1685.42,15.6,52,8
64,2024-01-13,Saturday,evening,2375.19,19.4,131,5
65,2024-01-13,Saturday,night,652.24,16.7,73,3
66,2024-01-14,Sunday,morning,1032.53,8.3,181,5
67,2024-01-14,Sunday,midday,1625.63,17.9,151,7
68,2024-01-14,Sunday,afternoon,1337.83,19.2,69,6
69,2024-01-14,Sunday,evening,2054.12,17.6,196,2
70,2024-01-14,Sunday,night,685.03,14.3,65,5
71,2024-01-15,Monday,morning,732.48,18.5,37,4
72,2024-01-15,Monday,midday,1185.55,10.6,158,3
73,2024-01-15,Monday,afternoon,1026.1,14.5,63,2
74,2024-01-15,Monday,evening,1459.2,18.9,120,5
75,2024-01-15,Monday,night,433.19,14.2,158,3
76,2024-01-16,Tuesday,morning,594.69,14.4,164,6
77,2024-01-16,Tuesday,midday,1345.57,10.2,31,8
78,2024-01-16,Tuesday,afternoon,1090.1,17.6,74,3
79,2024-01-16,Tuesday,evening,1493.2,14.7,113,7
80,2024-01-16,Tuesday,night,561.32,14.2,172,5
81,2024-01-17,Wednesday,morning,768.1,14.7,93,3
82,2024-01-17,Wednesday,midday,1292.98,11.3,55,6
83,2024-01-17,Wednesday,afternoon,1121.83,18.7,46,5
84,2024-01-17,Wednesday,evening,1715.63,11.9,159,6
85,2024-01-17,Wednesday,night,447.46,13.4,166,8
86,2024-01-18,Thursday,morning,790.62,13.7,93,7
87,2024-01-18,Thursday,midday,1238.28,19.1,173,3
88,2024-01-18,Thursday,afternoon,1176.25,18.1,65,5
89,2024-01-18,Thursday,evening,1862.4,8.9,91,5
90,2024-01-18,Thursday,night,659.8,8.9,107,8
91,2024-01-19,Friday,morning,1059.61,19.3,194,7
92,2024-01-19,Friday,midday,1776.34,12.4,94,3
93,2024-01-19,Friday,afternoon,1495.17,19.4,131,5
94,2024-01-19,Friday,evening,2148.59,10.0,200,8
95,2024-01-19,Friday,night,740.59,19.9,133,4
96,2024-01-20,Saturday,morning,1203.53,13.1,121,4
97,2024-01-20,Saturday,midday,1953.91,12.1,147,5
98,2024-01-20,Saturday,afternoon,1661.81,16.4,128,4
99,2024-01-20,Saturday,evening,2363.45,19.5,58,8
100,2024-01-20,Saturday,night,802.68,10.7,56,2
101,2024-01-21,Sunday,morning,917.78,17.3,99,8
102,2024-01-21,Sunday,midday,1632.63,9.6,138,8
103,2024-01-21,Sunday,afternoon,1505.58,11.1,68,6
104,2024-01-21,Sunday,evening,1991.86,19.0,176,5
105,2024-01-21,Sunday,night,679.38,8.7,76,5
106,2024-01-22,Monday,morning,647.03,18.7,98,2
107,2024-01-22,Monday,midday,1094.46,9.0,86,2
108,2024-01-22,Monday,afternoon,912.4,11.2,61,5
109,2024-01-22,Monday,evening,1786.53,13.0,98,6
110,2024-01-22,Monday,night,528.64,9.6,164,7
111,2024-01-23,Tuesday,morning,722.8,9.9,42,3
112,2024-01-23,Tuesday,midday,1298.42,10.4,109,7
113,2024-01-23,Tuesday,afternoon,1034.25,11.5,158,7
114,2024-01-23,Tuesday,evening,1747.07,10.1,118,8
115,2024-01-23,Tuesday,night,600.35,8.2,159,6
116,2024-01-24,Wednesday,morning,766.92,19.7,161,5
117,2024-01-24,Wednesday,midday,1332.36,15.9,196,5
118,2024-01-24,Wednesday,afternoon,1227.05,15.9,169,8
119,2024-01-24,Wednesday,evening,1872.4,11.7,85,3
120,2024-01-24,Wednesday,night,433.45,12.1,192,3
121,2024-01-25,Thursday,morning,738.93,8.7,63,2
122,2024-01-25,Thursday,midday,1441.67,8.8,95,5
123,2024-01-25,Thursday,afternoon,1217.43,18.1,159,7
124,2024-01-25,Thursday,evening,1828.74,19.7,183,3
125,2024-01-25,Thursday,night,591.42,10.2,98,5
126,2024-01-26,Friday,morning,937.22,8.0,123,4
127,2024-01-26,Friday,midday,1779.2,10.9,109,3
128,2024-01-26,Friday,afternoon,1422.77,12.3,30,4
129,2024-01-26,Friday,evening,2093.2,14.0,81,3
130,2024-01-26,Friday,night,781.46,14.1,31,2
131,2024-01-27,Saturday,morning,1076.92,12.8,40,5
132,2024-01-27,Saturday,midday,1924.56,8.3,107,7
133,2024-01-27,Saturday,afternoon,1631.45,14.4,69,7
134,2024-01-27,Saturday,evening,2535.57,18.7,182,5
135,2024-01-27,Saturday,night,821.47,13.9,102,7
136,2024-01-28,Sunday,morning,792.75,15.4,67,2
137,2024-01-28,Sunday,midday,1667.45,14.2,139,7
138,2024-01-28,Sunday,afternoon,1267.01,16.4,159,3
139,2024-01-28,Sunday,evening,2182.89,14.8,34,8
140,2024-01-28,Sunday,night,618.25,16.2,194,3
141,2024-01-29,Monday,morning,700.13,15.6,56,5
142,2024-01-29,Monday,midday,1201.92,18.0,172,2
143,2024-01-29,Monday,afternoon,942.03,16.2,155,4
144,2024-01-29,Monday,evening,1449.27,8.0,47,7
145,2024-01-29,Monday,night,665.75,9.1,164,2
146,2024-01-30,Tuesday,morning,649.68,16.9,151,4
147,2024-01-30,Tuesday,midday,1316.27,10.8,82,3
148,2024-01-30,Tuesday,afternoon,935.81,16.9,147,5
149,2024-01-30,Tuesday,evening,1638.06,18.9,103,8
150,2024-01-30,Tuesday,night,513.62,8.6,191,7
151,2024-01-31,Wednesday,morning,794.56,12.0,196,7
152,2024-01-31,Wednesday,midday,1432.59,16.3,189,6
153,2024-01-31,Wednesday,afternoon,1201.39,13.8,55,7
154,2024-01-31,Wednesday,evening,1778.27,10.6,155,4
155,2024-01-31,Wednesday,night,553.23,13.6,60,6
156,2024-02-01,Thursday,morning,736.58,10.4,51,5
157,2024-02-01,Thursday,midday,1488.14,17.8,145,4
158,2024-02-01,Thursday,afternoon,1209.73,12.6,83,2
159,2024-02-01,Thursday,evening,1761.44,14.3,122,3
160,2024-02-01,Thursday,night,578.33,15.2,191,6
161,2024-02-02,Friday,morning,952.77,12.4,157,5
162,2024-02-02,Friday,midday,1718.44,12.7,70,2
163,2024-02-02,Friday,afternoon,1555.1,12.9,66,5
164,2024-02-02,Friday,evening,2122.57,12.1,110,2
165,2024-02-02,Friday,night,722.54,17.0,131,2
166,2024-02-03,Saturday,morning,1076.02,19.3,80,7
167,2024-02-03,Saturday,midday,2020.94,11.0,46,5
168,2024-02-03,Saturday,afternoon,1629.66,12.7,180,2
169,2024-02-03,Saturday,evening,2375.81,11.3,42,4
170,2024-02-03,Saturday,night,874.92,9.2,199,4
171,2024-02-04,Sunday,morning,889.95,19.7,141,6
172,2024-02-04,Sunday,midday,1575.93,11.8,125,8
173,2024-02-04,Sunday,afternoon,1539.88,17.7,191,5
174,2024-02-04,Sunday,evening,2024.82,19.0,171,6
175,2024-02-04,Sunday,night,699.46,19.2,135,5
176,2024-02-05,Monday,morning,711.4,15.4,65,7
177,2024-02-05,Monday,midday,1252.92,18.9,170,3
178,2024-02-05,Monday,afternoon,952.55,10.0,136,4
179,2024-02-05,Monday,evening,1517.82,16.9,197,4
180,2024-02-05,Monday,night,570.27,12.9,91,4
181,2024-02-06,Tuesday,morning,601.72,9.4,194,3
182,2024-02-06,Tuesday,midday,1272.55,8.9,158,8
183,2024-02-06,Tuesday,afternoon,1023.61,18.9,145,5
184,2024-02-06,Tuesday,evening,1621.04,9.7,79,3
185,2024-02-06,Tuesday,night,601.62,9.1,91,4
186,2024-02-07,Wednesday,morning,799.49,11.1,175,3
187,2024-02-07,Wednesday,midday,1431.11,13.0,135,7
188,2024-02-07,Wednesday,afternoon,1053.37,14.3,126,4
189,2024-02-07,Wednesday,evening,1694.93,11.3,122,3
190,2024-02-07,Wednesday,night,594.35,16.2,165,7
191,2024-02-08,Thursday,morning,838.96,9.1,93,5
192,2024-02-08,Thursday,midday,1249.5,12.8,144,5
193,2024-02-08,Thursday,afternoon,1349.01,18.5,35,3
194,2024-02-08,Thursday,evening,1755.63,8.4,151,6
195,2024-02-08,Thursday,night,568.88,19.2,165,8
196,2024-02-09,Friday,morning,961.99,13.6,144,3
197,2024-02-09,Friday,midday,1691.76,9.8,57,8
198,2024-02-09,Friday,afternoon,1384.28,16.7,195,8
199,2024-02-09,Friday,evening,2168.21,14.6,40,2
200,2024-02-09,Friday,night,631.93,17.4,89,6
201,2024-02-10,Saturday,morning,1180.94,11.6,62,7
202,2024-02-10,Saturday,midday,1834.44,11.0,192,5
203,2024-02-10,Saturday,afternoon,1607.61,8.8,164,6
204,2024-02-10,Saturday,evening,2393.0,10.3,96,3
205,2024-02-10,Saturday,night,810.97,14.4,147,4
206,2024-02-11,Sunday,morning,916.28,19.5,195,8
207,2024-02-11,Sunday,midday,1677.69,10.8,93,2
208,2024-02-11,Sunday,afternoon,1319.39,19.5,196,4
209,2024-02-11,Sunday,evening,2119.42,18.6,195,5
210,2024-02-11,Sunday,night,707.9,9.0,88,7
211,2024-02-12,Monday,morning,611.6,13.9,116,7
212,2024-02-12,Monday,midday,1225.22,13.0,131,3
213,2024-02-12,Monday,afternoon,1086.44,18.1,47,3
214,2024-02-12,Monday,evening,1532.82,13.9,81,4
215,2024-02-12,Monday,night,515.23,13.6,97,8
216,2024-02-13,Tuesday,morning,667.73,18.7,57,6
217,2024-02-13,Tuesday,midday,1208.49,10.7,136,7
218,2024-02-13,Tuesday,afternoon,1081.37,8.7,182,3
219,2024-02-13,Tuesday,evening,1643.59,8.3,182,3
220,2024-02-13,Tuesday,night,527.4,13.0,45,3
221,2024-02-14,Wednesday,morning,626.0,18.6,58,2
222,2024-02-14,Wednesday,midday,1436.23,19.2,114,3
223,2024-02-14,Wednesday,afternoon,1213.92,17.0,38,4
224,2024-02-14,Wednesday,evening,1882.33,16.0,126,8
225,2024-02-14,Wednesday,night,519.57,10.0,30,2
226,2024-02-15,Thursday,morning,851.14,11.4,119,5
227,2024-02-15,Thursday,midday,1439.52,19.6,83,5
228,2024-02-15,Thursday,afternoon,1188.66,12.3,109,8
229,2024-02-15,Thursday,evening,1811.4,16.5,80,4
230,2024-02-15,Thursday,night,567.66,14.5,144,3
231,2024-02-16,Friday,morning,901.86,13.7,191,5
232,2024-02-16,Friday,midday,1797.18,11.0,190,8
233,2024-02-16,Friday,afternoon,1375.85,13.6,45,4
234,2024-02-16,Friday,evening,2203.73,10.3,46,6
235,2024-02-16,Friday,night,686.14,19.5,187,2
236,2024-02-17,Saturday,morning,1134.06,11.1,111,4
237,2024-02-17,Saturday,midday,1852.46,15.1,192,2
238,2024-02-17,Saturday,afternoon,1742.3,8.3,89,2
239,2024-02-17,Saturday,evening,2231.91,19.4,128,8
240,2024-02-17,Saturday,night,841.13,11.0,140,8
241,2024-02-18,Sunday,morning,736.59,10.2,107,8
242,2024-02-18,Sunday,midday,1617.52,16.3,68,6
243,2024-02-18,Sunday,afternoon,1393.83,13.5,182,2
244,2024-02-18,Sunday,evening,2228.4,14.1,130,8
245,2024-02-18,Sunday,night,733.9,15.8,153,6
246,2024-02-19,Monday,morning,749.12,14.5,71,5
247,2024-02-19,Monday,midday,1366.67,11.2,51,3
248,2024-02-19,Monday,afternoon,861.21,9.2,157,7
249,2024-02-19,Monday,evening,1578.58,9.6,147,6
250,2024-02-19,Monday,night,501.4,18.7,90,7
251,2024-02-20,Tuesday,morning,586.08,17.1,105,4
252,2024-02-20,Tuesday,midday,1226.9,11.4,98,4
253,2024-02-20,Tuesday,afternoon,1078.42,13.3,77,3
254,2024-02-20,Tuesday,evening,1682.11,10.8,102,6
255,2024-02-20,Tuesday,night,551.08,11.0,92,6
256,2024-02-21,Wednesday,morning,787.11,14.3,196,8
257,2024-02-21,Wednesday,midday,1402.09,8.4,31,5
258,2024-02-21,Wednesday,afternoon,1192.75,18.6,89,8
259,2024-02-21,Wednesday,evening,1636.63,18.5,89,2
260,2024-02-21,Wednesday,night,594.71,8.6,183,8
261,2024-02-22,Thursday,morning,640.07,12.5,75,5
262,2024-02-22,Thursday,midday,1307.85,15.2,200,2
263,2024-02-22,Thursday,afternoon,1284.8,15.4,85,2
264,2024-02-22,Thursday,evening,1866.45,12.4,66,2
265,2024-02-22,Thursday,night,617.5,15.2,196,3
266,2024-02-23,Friday,morning,1018.82,17.8,113,5
267,2024-02-23,Friday,midday,1657.72,11.7,82,2
268,2024-02-23,Friday,afternoon,1393.91,17.5,170,5
269,2024-02-23,Friday,evening,2194.11,12.7,170,3
270,2024-02-23,Friday,night,734.32,15.7,53,7
271,2024-02-24,Saturday,morning,1143.66,12.9,102,7
272,2024-02-24,Saturday,midday,1995.66,11.7,43,4
273,2024-02-24,Saturday,afternoon,1615.14,13.0,34,8
274,2024-02-24,Saturday,evening,2264.12,17.2,123,7
275,2024-02-24,Saturday,night,852.05,10.4,31,5
276,2024-02-25,Sunday,morning,1042.06,18.8,138,2
277,2024-02-25,Sunday,midday,1644.95,18.6,147,8
278,2024-02-25,Sunday,afternoon,1306.17,10.0,33,2
279,2024-02-25,Sunday,evening,1961.49,18.9,52,6
280,2024-02-25,Sunday,night,653.57,15.5,124,7
281,2024-02-26,Monday,morning,635.09,11.4,163,3
282,2024-02-26,Monday,midday,1188.74,19.1,57,5
283,2024-02-26,Monday,afternoon,875.64,19.6,80,4
284,2024-02-26,Monday,evening,1538.62,9.5,41,5
285,2024-02-26,Monday,night,466.84,15.6,52,7
286,2024-02-27,Tuesday,morning,820.56,15.4,71,7
287,2024-02-27,Tuesday,midday,1272.65,12.9,80,8
288,2024-02-27,Tuesday,afternoon,1024.73,13.7,174,3
289,2024-02-27,Tuesday,evening,1802.51,9.9,121,2
290,2024-02-27,Tuesday,night,588.96,9.8,79,2
291,2024-02-28,Wednesday,morning,874.64,16.1,200,8
292,2024-02-28,Wednesday,midday,1227.46,11.9,129,6
293,2024-02-28,Wednesday,afternoon,990.42,17.3,196,5
294,2024-02-28,Wednesday,evening,1752.71,11.7,93,5
295,2024-02-28,Wednesday,night,511.25,14.0,75,2
296,2024-02-29,Thursday,morning,849.1,8.0,155,5
297,2024-02-29,Thursday,midday,1412.57,17.4,147,8
298,2024-02-29,Thursday,afternoon,1335.28,10.2,151,5
299,2024-02-29,Thursday,evening,1832.81,13.2,53,8
300,2024-02-29,Thursday,night,626.14,13.3,160,7
301,2024-03-01,Friday,morning,1070.09,9.0,110,8
302,2024-03-01,Friday,midday,1708.83,16.6,50,2
303,2024-03-01,Friday,afternoon,1442.2,15.8,64,2
304,2024-03-01,Friday,evening,1990.21,18.3,187,7
305,2024-03-01,Friday,night,706.39,9.6,155,4
306,2024-03-02,Saturday,morning,1043.94,19.5,72,7
307,2024-03-02,Saturday,midday,1934.13,8.8,119,6
308,2024-03-02,Saturday,afternoon,1440.56,17.1,70,4
309,2024-03-02,Saturday,evening,2481.07,17.8,66,4
310,2024-03-02,Saturday,night,771.17,14.0,152,3
311,2024-03-03,Sunday,morning,827.27,10.8,125,2
312,2024-03-03,Sunday,midday,1549.6,10.4,133,3
313,2024-03-03,Sunday,afternoon,1337.76,11.9,126,3
314,2024-03-03,Sunday,evening,2021.13,17.5,97,2
315,2024-03-03,Sunday,night,692.89,18.3,145,6
316,2024-03-04,Monday,morning,654.92,14.3,56,4
317,2024-03-04,Monday,midday,1302.67,12.7,125,4
318,2024-03-04,Monday,afternoon,1015.01,12.5,124,6
319,2024-03-04,Monday,evening,1573.52,9.0,88,3
320,2024-03-04,Monday,night,566.99,15.4,42,4
321,2024-03-05,Tuesday,morning,745.99,15.7,179,7
322,2024-03-05,Tuesday,midday,1204.6,18.7,30,7
323,2024-03-05,Tuesday,afternoon,1124.48,15.4,140,5
324,2024-03-05,Tuesday,evening,1629.59,14.2,42,3
325,2024-03-05,Tuesday,night,430.13,8.5,43,2
326,2024-03-06,Wednesday,morning,768.03,14.8,107,2
327,2024-03-06,Wednesday,midday,1232.16,13.0,107,6
328,2024-03-06,Wednesday,afternoon,1125.71,9.6,123,6
329,2024-03-06,Wednesday,evening,1732.25,8.2,92,7
330,2024-03-06,Wednesday,night,528.58,9.8,54,2
331,2024-03-07,Thursday,morning,695.34,17.4,132,8
332,2024-03-07,Thursday,midday,1276.35,11.2,32,2
333,2024-03-07,Thursday,afternoon,1136.94,12.2,195,6
334,2024-03-07,Thursday,evening,1718.76,13.3,162,7
335,2024-03-07,Thursday,night,551.99,8.0,45,6
336,2024-03-08,Friday,morning,962.16,8.3,77,3
337,2024-03-08,Friday,midday,1775.18,9.3,186,6
338,2024-03-08,Friday,afternoon,1588.36,15.9,80,3
339,2024-03-08,Friday,evening,2077.35,15.7,195,7
340,2024-03-08,Friday,night,770.17,13.0,186,3
341,2024-03-09,Saturday,morning,1051.0,15.5,152,7
342,2024-03-09,Saturday,midday,1888.44,14.5,126,8
343,2024-03-09,Saturday,afternoon,1457.31,9.0,197,5
344,2024-03-09,Saturday,evening,2498.41,10.1,56,4
345,2024-03-09,Saturday,night,812.5,12.0,97,7
346,2024-03-10,Sunday,morning,942.37,8.6,192,6
347,2024-03-10,Sunday,midday,1557.64,19.0,97,4
348,2024-03-10,Sunday,afternoon,1270.11,15.7,85,2
349,2024-03-10,Sunday,evening,2080.22,11.1,90,8
350,2024-03-10,Sunday,night,680.41,16.9,70,7
351,2024-03-11,Monday,morning,724.95,12.7,183,3
352,2024-03-11,Monday,midday,1163.4,12.6,191,7
353,2024-03-11,Monday,afternoon,1172.54,14.4,150,8
354,2024-03-11,Monday,evening,1512.35,14.4,31,8
355,2024-03-11,Monday,night,706.97,10.8,108,8
356,2024-03-12,Tuesday,morning,753.12,10.5,189,6
357,2024-03-12,Tuesday,midday,1415.28,9.7,36,2
358,2024-03-12,Tuesday,afternoon,1162.6,9.3,71,4
359,2024-03-12,Tuesday,evening,1743.02,8.4,65,7
360,2024-03-12,Tuesday,night,522.42,15.7,40,7
361,2024-03-13,Wednesday,morning,782.53,18.3,123,3
362,2024-03-13,Wednesday,midday,1340.23,17.8,166,7
363,2024-03-13,Wednesday,afternoon,1287.31,19.0,128,2
364,2024-03-13,Wednesday,evening,1774.79,11.0,82,2
365,2024-03-13,Wednesday,night,760.93,18.9,192,2
366,2024-03-14,Thursday,morning,841.24,17.9,191,7
367,2024-03-14,Thursday,midday,1391.46,9.2,195,3
368,2024-03-14,Thursday,afternoon,1235.69,11.5,116,5
369,2024-03-14,Thursday,evening,1794.79,19.2,42,7
370,2024-03-14,Thursday,night,674.19,17.1,112,8
371,2024-03-15,Friday,morning,1052.29,18.2,188,7
372,2024-03-15,Friday,midday,1658.76,8.4,135,2
373,2024-03-15,Friday,afternoon,1313.07,12.2,42,6
374,2024-03-15,Friday,evening,2213.56,14.8,53,6
375,2024-03-15,Friday,night,740.77,8.0,81,4
376,2024-03-16,Saturday,morning,1035.73,17.1,43,2
377,2024-03-16,Saturday,midday,1869.31,16.3,77,5
378,2024-03-16,Saturday,afternoon,1649.32,15.1,161,4
379,2024-03-16,Saturday,evening,2388.48,17.8,89,5
380,2024-03-16,Saturday,night,787.85,10.0,192,8
381,2024-03-17,Sunday,morning,1043.08,16.4,56,7
382,2024-03-17,Sunday,midday,1678.56,11.9,54,5
383,2024-03-17,Sunday,afternoon,1531.99,16.9,138,7
384,2024-03-17,Sunday,evening,1996.73,8.3,82,4
385,2024-03-17,Sunday,night,675.74,14.0,127,7
386,2024-03-18,Monday,morning,851.54,10.8,147,3
387,2024-03-18,Monday,midday,1058.55,17.0,195,2
388,2024-03-18,Monday,afternoon,993.6,12.2,113,6
389,2024-03-18,Monday,evening,1616.28,15.9,112,3
390,2024-03-18,Monday,night,637.53,13.6,95,6
391,2024-03-19,Tuesday,morning,728.58,15.7,90,6
392,2024-03-19,Tuesday,midday,1331.63,10.3,107,8
393,2024-03-19,Tuesday,afternoon,1035.3,9.9,69,3
394,2024-03-19,Tuesday,evening,1472.5,16.7,184,6
395,2024-03-19,Tuesday,night,505.89,19.5,96,7
396,2024-03-20,Wednesday,morning,807.81,19.9,72,7
397,2024-03-20,Wednesday,midday,1393.26,19.8,107,7
398,2024-03-20,Wednesday,afternoon,1186.96,11.6,100,3
399,2024-03-20,Wednesday,evening,1846.22,11.4,129,5
400,2024-03-20,Wednesday,night,681.66,8.4,132,8
401,2024-03-21,Thursday,morning,831.35,14.0,191,4
402,2024-03-21,Thursday,midday,1281.04,13.6,66,4
403,2024-03-21,Thursday,afternoon,1135.21,16.9,140,7
404,2024-03-21,Thursday,evening,1750.58,14.9,195,5
405,2024-03-21,Thursday,night,667.38,15.8,194,7
406,2024-03-22,Friday,morning,862.18,15.0,88,7
407,2024-03-22,Friday,midday,1697.19,13.2,96,7
408,2024-03-22,Friday,afternoon,1477.45,16.4,137,3
409,2024-03-22,Friday,evening,2185.54,15.6,94,8
410,2024-03-22,Friday,night,596.18,13.1,146,2
411,2024-03-23,Saturday,morning,1020.71,16.1,76,7
412,2024-03-23,Saturday,midday,1833.22,11.9,32,5
413,2024-03-23,Saturday,afternoon,1706.02,9.3,94,6
414,2024-03-23,Saturday,evening,2277.79,10.6,81,6
415,2024-03-23,Saturday,night,720.28,13.5,82,7
416,2024-03-24,Sunday,morning,1046.46,13.7,34,7
417,2024-03-24,Sunday,midday,1630.32,12.1,146,3
418,2024-03-24,Sunday,afternoon,1305.84,19.9,77,5
419,2024-03-24,Sunday,evening,1884.85,16.7,187,4
420,2024-03-24,Sunday,night,673.91,15.7,94,4
421,2024-03-25,Monday,morning,659.0,8.9,137,7
422,2024-03-25,Monday,midday,1209.27,16.4,120,6
423,2024-03-25,Monday,afternoon,1014.58,16.9,164,3
424,2024-03-25,Monday,evening,1586.78,19.9,130,5
425,2024-03-25,Monday,night,519.95,17.3,192,3
426,2024-03-26,Tuesday,morning,760.9,13.6,173,7
427,2024-03-26,Tuesday,midday,1290.99,12.2,193,8
428,2024-03-26,Tuesday,afternoon,1283.82,17.8,135,5
429,2024-03-26,Tuesday,evening,1755.09,15.8,150,4
430,2024-03-26,Tuesday,night,536.72,17.4,88,4
431,2024-03-27,Wednesday,morning,725.37,19.8,77,5
432,2024-03-27,Wednesday,midday,1213.01,8.0,101,4
433,2024-03-27,Wednesday,afternoon,1142.14,13.8,139,6
434,2024-03-27,Wednesday,evening,1777.78,15.6,198,4
435,2024-03-27,Wednesday,night,609.01,12.6,51,8
436,2024-03-28,Thursday,morning,855.69,14.8,113,8
437,2024-03-28,Thursday,midday,1492.07,12.1,179,2
438,2024-03-28,Thursday,afternoon,1165.28,15.9,83,2
439,2024-03-28,Thursday,evening,1766.19,9.2,66,8
440,2024-03-28,Thursday,night,549.6,10.8,145,4
441,2024-03-29,Friday,morning,971.9,12.8,166,3
442,2024-03-29,Friday,midday,1626.6,15.3,185,8
443,2024-03-29,Friday,afternoon,1585.24,14.6,192,8
444,2024-03-29,Friday,evening,2252.69,11.6,156,7
445,2024-03-29,Friday,night,727.44,18.1,59,6
446,2024-03-30,Saturday,morning,1111.51,9.4,137,3
447,2024-03-30,Saturday,midday,1932.16,14.7,153,5
448,2024-03-30,Saturday,afternoon,1539.83,18.9,155,3
449,2024-03-30,Saturday,evening,2330.37,18.4,31,3
450,2024-03-30,Saturday,night,811.14,18.1,149,7
451,2024-03-31,Sunday,morning,810.67,18.1,125,5
452,2024-03-31,Sunday,midday,1564.66,13.0,49,3
453,2024-03-31,Sunday,afternoon,1305.87,8.3,186,2
454,2024-03-31,Sunday,evening,1983.71,16.2,114,8
455,2024-03-31,Sunday,night,785.01,13.8,66,2
456,2024-04-01,Monday,morning,669.03,10.6,136,7
457,2024-04-01,Monday,midday,1214.9,15.9,117,5
458,2024-04-01,Monday,afternoon,1045.5,17.3,171,8
459,2024-04-01,Monday,evening,1585.74,12.1,94,6
460,2024-04-01,Monday,night,475.76,8.6,104,4
461,2024-04-02,Tuesday,morning,662.71,12.0,99,8
462,2024-04-02,Tuesday,midday,1333.69,14.1,82,7
463,2024-04-02,Tuesday,afternoon,1039.97,10.3,106,3
464,2024-04-02,Tuesday,evening,1621.97,15.0,192,2
465,2024-04-02,Tuesday,night,544.88,16.7,133,6
466,2024-04-03,Wednesday,morning,737.65,14.9,132,4
467,2024-04-03,Wednesday,midday,1349.15,17.9,151,6
468,2024-04-03,Wednesday,afternoon,1155.54,17.2,45,8
469,2024-04-03,Wednesday,evening,1609.79,12.5,67,7
470,2024-04-03,Wednesday,night,569.47,16.1,182,7
471,2024-04-04,Thursday,morning,819.69,15.6,190,8
472,2024-04-04,Thursday,midday,1411.31,10.1,199,3
473,2024-04-04,Thursday,afternoon,1257.0,9.2,197,2
474,2024-04-04,Thursday,evening,1738.69,12.4,65,8
475,2024-04-04,Thursday,night,554.13,18.3,77,5
476,2024-04-05,Friday,morning,1077.25,8.4,35,5
477,2024-04-05,Friday,midday,1583.87,19.0,157,6
478,2024-04-05,Friday,afternoon,1397.44,14.3,60,8
479,2024-04-05,Friday,evening,2198.75,19.0,144,2
480,2024-04-05,Friday,night,622.73,8.2,129,6
481,2024-04-06,Saturday,morning,922.1,19.8,151,8
482,2024-04-06,Saturday,midday,1787.03,12.9,56,2
483,2024-04-06,Saturday,afternoon,1585.99,9.8,33,5
484,2024-04-06,Saturday,evening,2386.44,8.1,61,8
485,2024-04-06,Saturday,night,947.33,9.5,34,4
486,2024-04-07,Sunday,morning,1004.92,16.6,92,5
487,2024-04-07,Sunday,midday,1604.68,8.6,67,7
488,2024-04-07,Sunday,afternoon,1328.73,17.1,105,7
489,2024-04-07,Sunday,evening,1982.13,16.0,95,2
490,2024-04-07,Sunday,night,656.8,16.6,32,2
491,2024-04-08,Monday,morning,795.53,17.8,50,5
492,2024-04-08,Monday,midday,1200.72,11.7,183,3
493,2024-04-08,Monday,afternoon,1166.51,15.3,110,4
494,2024-04-08,Monday,evening,1490.12,19.4,142,5
495,2024-04-08,Monday,night,490.15,17.6,122,7
496,2024-04-09,Tuesday,morning,679.88,10.0,136,5
497,2024-04-09,Tuesday,midday,1154.16,19.3,175,4
498,2024-04-09,Tuesday,afternoon,1172.45,11.5,45,6
499,2024-04-09,Tuesday,evening,1743.04,17.9,115,8
500,2024-04-09,Tuesday,night,519.68,15.3,33,8
501,2024-04-10,Wednesday,morning,848.05,15.0,93,5
502,2024-04-10,Wednesday,midday,1453.0,12.6,126,6
503,2024-04-10,Wednesday,afternoon,1147.85,13.4,30,4
504,2024-04-10,Wednesday,evening,1652.07,11.2,138,3
505,2024-04-10,Wednesday,night,444.08,18.6,40,4
506,2024-04-11,Thursday,morning,723.77,18.0,176,3
507,2024-04-11,Thursday,midday,1376.69,17.7,157,4
508,2024-04-11,Thursday,afternoon,1354.41,14.4,168,6
509,2024-04-11,Thursday,evening,1721.91,17.5,89,4
510,2024-04-11,Thursday,night,607.5,15.3,131,5
511,2024-04-12,Friday,morning,912.76,15.0,32,8
512,2024-04-12,Friday,midday,1503.66,12.6,168,2
513,2024-04-12,Friday,afternoon,1366.99,8.8,131,6
514,2024-04-12,Friday,evening,2143.13,14.3,96,8
515,2024-04-12,Friday,night,629.83,15.1,78,3
516,2024-04-13,Saturday,morning,1067.54,10.3,76,8
517,2024-04-13,Saturday,midday,1867.01,14.8,133,8
518,2024-04-13,Saturday,afternoon,1547.61,14.2,68,3
519,2024-04-13,Saturday,evening,2693.14,12.5,57,4
520,2024-04-13,Saturday,night,885.72,15.6,50,3
521,2024-04-14,Sunday,morning,912.02,11.4,185,2
522,2024-04-14,Sunday,midday,1628.19,9.1,82,8
523,2024-04-14,Sunday,afternoon,1441.54,14.8,96,8
524,2024-04-14,Sunday,evening,2001.15,11.4,54,5
525,2024-04-14,Sunday,night,705.99,19.6,95,8
526,2024-04-15,Monday,morning,532.99,8.5,81,3
527,2024-04-15,Monday,midday,1176.37,8.4,124,8
528,2024-04-15,Monday,afternoon,1033.09,16.5,154,8
529,2024-04-15,Monday,evening,1554.6,15.2,131,2
530,2024-04-15,Monday,night,494.37,16.5,53,4
531,2024-04-16,Tuesday,morning,695.61,9.1,159,5
532,2024-04-16,Tuesday,midday,1312.95,10.2,70,4
533,2024-04-16,Tuesday,afternoon,1321.99,10.7,39,4
534,2024-04-16,Tuesday,evening,1567.13,19.3,45,6
535,2024-04-16,Tuesday,night,665.85,8.6,161,7
536,2024-04-17,Wednesday,morning,673.98,16.9,153,2
537,2024-04-17,Wednesday,midday,1386.32,8.1,80,7
538,2024-04-17,Wednesday,afternoon,1181.49,17.0,180,6
539,2024-04-17,Wednesday,evening,1601.51,13.6,125,4
540,2024-04-17,Wednesday,night,611.95,12.7,125,5
541,2024-04-18,Thursday,morning,737.2,17.7,33,5
542,2024-04-18,Thursday,midday,1459.24,16.6,79,8
543,2024-04-18,Thursday,afternoon,1378.69,10.6,188,8
544,2024-04-18,Thursday,evening,1841.14,12.5,65,8
545,2024-04-18,Thursday,night,565.83,19.1,35,7
546,2024-04-19,Friday,morning,971.76,8.9,116,4
547,2024-04-19,Friday,midday,1720.39,15.5,66,4
548,2024-04-19,Friday,afternoon,1358.28,10.7,44,3
549,2024-04-19,Friday,evening,2137.05,9.7,68,4
550,2024-04-19,Friday,night,621.05,13.0,93,3
551,2024-04-20,Saturday,morning,1182.75,11.6,72,4
552,2024-04-20,Saturday,midday,1906.55,13.9,111,5
553,2024-04-20,Saturday,afternoon,1652.32,19.7,44,7
554,2024-04-20,Saturday,evening,2407.48,18.7,84,6
555,2024-04-20,Saturday,night,744.96,11.1,81,4
556,2024-04-21,Sunday,morning,929.28,13.2,96,3
557,2024-04-21,Sunday,midday,1642.31,11.5,71,2
558,2024-04-21,Sunday,afternoon,1363.56,18.0,105,3
559,2024-04-21,Sunday,evening,2084.25,17.7,117,6
560,2024-04-21,Sunday,night,688.07,9.7,30,8
561,2024-04-22,Monday,morning,728.34,10.2,141,2
562,2024-04-22,Monday,midday,1104.94,18.9,85,4
563,2024-04-22,Monday,afternoon,980.7,10.2,88,7
564,2024-04-22,Monday,evening,1511.1,10.1,183,2
565,2024-04-22,Monday,night,589.91,16.8,100,3
566,2024-04-23,Tuesday,morning,572.39,10.5,186,7
567,2024-04-23,Tuesday,midday,1221.66,15.0,81,2
568,2024-04-23,Tuesday,afternoon,938.95,8.8,163,5
569,2024-04-23,Tuesday,evening,1716.47,14.2,118,4
570,2024-04-23,Tuesday,night,390.21,11.4,193,8
571,2024-04-24,Wednesday,morning,792.8,12.9,152,3
572,2024-04-24,Wednesday,midday,1318.34,18.5,98,3
573,2024-04-24,Wednesday,afternoon,1199.06,12.4,71,7
574,2024-04-24,Wednesday,evening,1848.98,12.5,182,8
575,2024-04-24,Wednesday,night,666.86,13.3,162,2
576,2024-04-25,Thursday,morning,802.82,9.4,92,8
577,2024-04-25,Thursday,midday,1485.12,17.3,127,6
578,2024-04-25,Thursday,afternoon,1045.27,17.0,45,4
579,2024-04-25,Thursday,evening,1938.45,13.9,161,2
580,2024-04-25,Thursday,night,457.67,14.4,167,3
581,2024-04-26,Friday,morning,1167.59,10.7,76,3
582,2024-04-26,Friday,midday,1707.14,9.2,94,6
583,2024-04-26,Friday,afternoon,1448.1,9.2,79,4
584,2024-04-26,Friday,evening,2141.96,8.2,183,7
585,2024-04-26,Friday,night,633.7,16.4,56,4
586,2024-04-27,Saturday,morning,1035.01,18.4,75,2
587,2024-04-27,Saturday,midday,1877.11,15.0,101,2
588,2024-04-27,Saturday,afternoon,1708.52,9.5,133,3
589,2024-04-27,Saturday,evening,2374.48,10.7,176,5
590,2024-04-27,Saturday,night,795.15,17.0,72,8
591,2024-04-28,Sunday,morning,1032.81,16.3,182,8
592,2024-04-28,Sunday,midday,1623.18,15.2,39,5
593,2024-04-28,Sunday,afternoon,1405.69,12.4,132,3
594,2024-04-28,Sunday,evening,2065.18,18.1,141,8
595,2024-04-28,Sunday,night,833.51,19.0,132,8
596,2024-04-29,Monday,morning,662.99,14.7,113,6
597,2024-04-29,Monday,midday,1263.05,12.2,138,7
598,2024-04-29,Monday,afternoon,1116.2,15.6,123,2
599,2024-04-29,Monday,evening,1500.25,13.2,159,7
600,2024-04-29,Monday,night,504.17,8.2,65,5
601,2024-04-30,Tuesday,morning,856.0,19.2,192,2
602,2024-04-30,Tuesday,midday,1233.79,17.7,40,2
603,2024-04-30,Tuesday,afternoon,1154.01,19.0,189,4
604,2024-04-30,Tuesday,evening,1536.7,15.5,39,6
605,2024-04-30,Tuesday,night,572.9,8.2,90,2
606,2024-05-01,Wednesday,morning,784.06,11.5,108,4
607,2024-05-01,Wednesday,midday,1305.68,15.1,161,4
608,2024-05-01,Wednesday,afternoon,1107.59,9.0,181,6
609,2024-05-01,Wednesday,evening,1788.39,14.1,105,5
610,2024-05-01,Wednesday,night,534.27,14.9,100,3
611,2024-05-02,Thursday,morning,788.4,11.4,146,6
612,2024-05-02,Thursday,midday,1269.13,16.3,86,7
613,2024-05-02,Thursday,afternoon,1123.63,12.4,170,4
614,2024-05-02,Thursday,evening,1865.94,15.4,150,8
615,2024-05-02,Thursday,night,577.89,10.7,161,6
616,2024-05-03,Friday,morning,1015.33,12.6,179,5
617,2024-05-03,Friday,midday,1754.4,18.3,91,4
618,2024-05-03,Friday,afternoon,1445.56,14.7,155,4
619,2024-05-03,Friday,evening,2108.59,11.5,35,3
620,2024-05-03,Friday,night,951.21,14.6,185,8
621,2024-05-04,Saturday,morning,1012.34,14.2,142,4
622,2024-05-04,Saturday,midday,1985.63,16.8,57,6
623,2024-05-04,Saturday,afternoon,1651.46,16.9,69,5
624,2024-05-04,Saturday,evening,2629.98,12.0,120,3
625,2024-05-04,Saturday,night,759.94,18.2,162,2
626,2024-05-05,Sunday,morning,821.23,16.9,151,4
627,2024-05-05,Sunday,midday,1637.36,19.0,62,5
628,2024-05-05,Sunday,afternoon,1257.39,18.4,31,5
629,2024-05-05,Sunday,evening,2080.45,14.0,176,3
630,2024-05-05,Sunday,night,584.29,13.0,101,8
631,2024-05-06,Monday,morning,651.94,18.2,147,4
632,2024-05-06,Monday,midday,1163.18,16.7,104,4
633,2024-05-06,Monday,afternoon,941.24,12.6,112,2
634,2024-05-06,Monday,evening,1594.59,17.4,157,5
635,2024-05-06,Monday,night,462.07,11.6,67,5
636,2024-05-07,Tuesday,morning,737.58,14.9,178,3
637,2024-05-07,Tuesday,midday,1413.11,11.9,185,8
638,2024-05-07,Tuesday,afternoon,1174.4,10.9,113,3
639,2024-05-07,Tuesday,evening,1785.94,19.5,36,2
640,2024-05-07,Tuesday,night,510.63,11.1,157,4
641,2024-05-08,Wednesday,morning,880.94,14.5,141,6
642,2024-05-08,Wednesday,midday,1263.82,17.9,140,5
643,2024-05-08,Wednesday,afternoon,1117.51,16.1,145,2
644,2024-05-08,Wednesday,evening,1715.14,16.1,164,3
645,2024-05-08,Wednesday,night,632.98,12.8,173,6
646,2024-05-09,Thursday,morning,845.14,9.9,78,5
647,2024-05-09,Thursday,midday,1314.13,15.5,180,4
648,2024-05-09,Thursday,afternoon,1207.19,16.3,53,3
649,2024-05-09,Thursday,evening,1750.26,8.9,109,6
650,2024-05-09,Thursday,night,658.07,10.1,197,4
651,2024-05-10,Friday,morning,905.31,19.9,137,7
652,2024-05-10,Friday,midday,1542.17,9.9,104,8
653,2024-05-10,Friday,afternoon,1345.39,10.3,76,2
654,2024-05-10,Friday,evening,2153.09,15.6,184,2
655,2024-05-10,Friday,night,566.09,15.6,40,7
656,2024-05-11,Saturday,morning,1283.16,12.9,30,4
657,2024-05-11,Saturday,midday,1865.15,19.0,131,8
658,2024-05-11,Saturday,afternoon,1521.58,9.2,33,7
659,2024-05-11,Saturday,evening,2478.8,17.2,175,4
660,2024-05-11,Saturday,night,819.16,18.5,166,6
661,2024-05-12,Sunday,morning,1024.56,12.9,61,3
662,2024-05-12,Sunday,midday,1608.1,9.9,160,2
663,2024-05-12,Sunday,afternoon,1411.31,19.4,155,8
664,2024-05-12,Sunday,evening,2075.78,13.6,140,8
665,2024-05-12,Sunday,night,726.03,16.2,178,4
666,2024-05-13,Monday,morning,569.8,9.7,90,4
667,2024-05-13,Monday,midday,1186.71,15.5,179,2
668,2024-05-13,Monday,afternoon,1040.43,12.2,145,6
669,2024-05-13,Monday,evening,1509.8,18.7,179,8
670,2024-05-13,Monday,night,527.66,19.5,142,2
671,2024-05-14,Tuesday,morning,675.88,8.5,180,8
672,2024-05-14,Tuesday,midday,1218.48,10.1,31,8
673,2024-05-14,Tuesday,afternoon,1107.38,15.2,156,2
674,2024-05-14,Tuesday,evening,1557.69,10.9,129,7
675,2024-05-14,Tuesday,night,528.86,11.7,154,2
676,2024-05-15,Wednesday,morning,704.51,17.5,92,2
677,2024-05-15,Wednesday,midday,1364.86,10.2,104,5
678,2024-05-15,Wednesday,afternoon,1206.82,14.7,59,4
679,2024-05-15,Wednesday,evening,1632.81,12.8,46,2
680,2024-05-15,Wednesday,night,553.38,13.1,119,6
681,2024-05-16,Thursday,morning,801.66,11.4,90,5
682,2024-05-16,Thursday,midday,1452.09,8.4,200,2
683,2024-05-16,Thursday,afternoon,1174.69,16.5,53,3
684,2024-05-16,Thursday,evening,1839.1,11.2,62,6
685,2024-05-16,Thursday,night,457.35,17.7,70,4
686,2024-05-17,Friday,morning,1013.08,12.2,133,5
687,2024-05-17,Friday,midday,1607.48,11.6,151,6
688,2024-05-17,Friday,afternoon,1363.4,10.5,145,7
689,2024-05-17,Friday,evening,2245.2,11.1,142,6
690,2024-05-17,Friday,night,811.82,19.9,166,3
691,2024-05-18,Saturday,morning,1001.23,9.5,61,7
692,2024-05-18,Saturday,midday,1944.15,14.2,168,8
693,2024-05-18,Saturday,afternoon,1602.41,12.6,198,7
694,2024-05-18,Saturday,evening,2566.38,14.8,109,2
695,2024-05-18,Saturday,night,783.86,10.1,89,4
696,2024-05-19,Sunday,morning,941.64,10.3,57,2
697,2024-05-19,Sunday,midday,1539.9,14.0,106,3
698,2024-05-19,Sunday,afternoon,1351.23,8.8,109,2
699,2024-05-19,Sunday,evening,2076.13,16.6,102,4
700,2024-05-19,Sunday,night,731.09,12.8,148,8
701,2024-05-20,Monday,morning,601.91,18.4,100,3
702,2024-05-20,Monday,midday,1108.88,8.4,199,7
703,2024-05-20,Monday,afternoon,970.9,15.9,148,3
704,2024-05-20,Monday,evening,1596.32,20.0,132,4
705,2024-05-20,Monday,night,540.14,11.5,99,6
706,2024-05-21,Tuesday,morning,699.81,16.8,40,5
707,2024-05-21,Tuesday,midday,1306.07,10.4,107,3
708,2024-05-21,Tuesday,afternoon,1091.83,12.6,40,6
709,2024-05-21,Tuesday,evening,1577.39,10.2,88,6
710,2024-05-21,Tuesday,night,645.84,14.0,163,4
711,2024-05-22,Wednesday,morning,866.4,14.9,30,2
712,2024-05-22,Wednesday,midday,1276.37,18.0,197,4
713,2024-05-22,Wednesday,afternoon,1272.66,15.0,42,3
714,2024-05-22,Wednesday,evening,1614.97,16.2,39,8
715,2024-05-22,Wednesday,night,512.12,12.1,52,5
716,2024-05-23,Thursday,morning,925.96,16.3,130,7
717,2024-05-23,Thursday,midday,1357.69,14.3,119,5
718,2024-05-23,Thursday,afternoon,1162.54,13.3,117,7
719,2024-05-23,Thursday,evening,1677.85,18.1,190,5
720,2024-05-23,Thursday,night,597.64,14.1,82,5
721,2024-05-24,Friday,morning,888.05,17.3,155,8
722,2024-05-24,Friday,midday,1542.83,10.3,173,4
723,2024-05-24,Friday,afternoon,1461.84,17.4,90,6
724,2024-05-24,Friday,evening,2202.56,11.1,45,3
725,2024-05-24,Friday,night,668.35,10.4,109,3
726,2024-05-25,Saturday,morning,1144.2,9.6,154,7
727,2024-05-25,Saturday,midday,1765.62,8.1,143,3
728,2024-05-25,Saturday,afternoon,1633.51,19.2,119,7
729,2024-05-25,Saturday,evening,2379.24,9.7,174,3
730,2024-05-25,Saturday,night,968.34,12.0,60,6
731,2024-05-26,Sunday,morning,750.5,16.1,69,6
732,2024-05-26,Sunday,midday,1696.85,19.8,133,8
733,2024-05-26,Sunday,afternoon,1413.18,8.1,154,3
734,2024-05-26,Sunday,evening,2187.88,8.5,101,4
735,2024-05-26,Sunday,night,730.59,13.4,58,3
736,2024-05-27,Monday,morning,797.61,11.9,149,6
737,2024-05-27,Monday,midday,1158.37,8.9,32,5
738,2024-05-27,Monday,afternoon,1056.81,19.9,154,2
739,2024-05-27,Monday,evening,1528.78,16.9,97,2
740,2024-05-27,Monday,night,438.18,15.7,141,5
741,2024-05-28,Tuesday,morning,756.97,8.1,53,7
742,2024-05-28,Tuesday,midday,1353.05,11.4,187,7
743,2024-05-28,Tuesday,afternoon,1045.03,11.0,65,7
744,2024-05-28,Tuesday,evening,1570.17,8.3,131,8
745,2024-05-28,Tuesday,night,586.91,19.5,164,8
746,2024-05-29,Wednesday,morning,820.59,18.7,73,2
747,2024-05-29,Wednesday,midday,1362.52,16.9,113,5
748,2024-05-29,Wednesday,afternoon,992.85,10.2,121,4
749,2024-05-29,Wednesday,evening,1715.37,19.0,94,3
750,2024-05-29,Wednesday,night,612.98,8.7,57,6
751,2024-05-30,Thursday,morning,858.7,20.0,133,2
752,2024-05-30,Thursday,midday,1229.54,19.3,156,5
753,2024-05-30,Thursday,afternoon,1153.17,11.6,178,7
754,2024-05-30,Thursday,evening,1800.14,9.0,88,3
755,2024-05-30,Thursday,night,673.5,12.8,40,8
756,2024-05-31,Friday,morning,1046.94,13.3,78,3
757,2024-05-31,Friday,midday,1678.99,18.1,160,5
758,2024-05-31,Friday,afternoon,1434.09,9.7,48,7
759,2024-05-31,Friday,evening,2278.48,18.7,46,5
760,2024-05-31,Friday,night,762.91,8.1,75,7
761,2024-06-01,Saturday,morning,1114.29,13.3,174,7
762,2024-06-01,Saturday,midday,1947.55,12.2,80,5
763,2024-06-01,Saturday,afternoon,1680.89,13.5,166,7
764,2024-06-01,Saturday,evening,2466.03,18.4,132,6
765,2024-06-01,Saturday,night,703.44,8.7,114,6
766,2024-06-02,Sunday,morning,820.1,15.9,174,6
767,2024-06-02,Sunday,midday,1542.5,15.9,65,4
768,2024-06-02,Sunday,afternoon,1416.48,18.4,165,7
769,2024-06-02,Sunday,evening,2120.97,16.1,144,7
770,2024-06-02,Sunday,night,699.01,9.0,199,6
771,2024-06-03,Monday,morning,606.82,13.0,165,3
772,2024-06-03,Monday,midday,1265.98,14.8,131,4
773,2024-06-03,Monday,afternoon,1058.02,18.7,170,7
774,2024-06-03,Monday,evening,1563.2,9.3,94,7
775,2024-06-03,Monday,night,591.41,11.0,155,3
776,2024-06-04,Tuesday,morning,775.3,14.6,87,6
777,2024-06-04,Tuesday,midday,1224.84,14.2,180,6
778,2024-06-04,Tuesday,afternoon,1062.72,9.0,134,7
779,2024-06-04,Tuesday,evening,1697.08,18.4,170,6
780,2024-06-04,Tuesday,night,578.34,16.6,59,7
781,2024-06-05,Wednesday,morning,887.71,9.2,130,6
782,2024-06-05,Wednesday,midday,1322.49,10.1,79,6
783,2024-06-05,Wednesday,afternoon,1105.06,12.5,188,2
784,2024-06-05,Wednesday,evening,1715.51,12.9,42,4
785,2024-06-05,Wednesday,night,690.22,19.5,147,4
786,2024-06-06,Thursday,morning,832.27,9.4,64,5
787,2024-06-06,Thursday,midday,1428.77,19.9,81,6
788,2024-06-06,Thursday,afternoon,1181.37,9.4,120,3
789,2024-06-06,Thursday,evening,1697.03,17.6,32,8
790,2024-06-06,Thursday,night,713.9,11.1,91,4
791,2024-06-07,Friday,morning,862.76,12.3,155,2
792,2024-06-07,Friday,midday,1671.93,17.8,120,2
793,2024-06-07,Friday,afternoon,1396.07,15.2,38,7
794,2024-06-07,Friday,evening,2216.09,10.9,120,3
795,2024-06-07,Friday,night,714.27,19.9,142,2
796,2024-06-08,Saturday,morning,1064.43,17.5,154,2
797,2024-06-08,Saturday,midday,1945.34,9.8,104,8
798,2024-06-08,Saturday,afternoon,1647.65,16.2,127,8
799,2024-06-08,Saturday,evening,2530.69,14.5,98,5
800,2024-06-08,Saturday,night,938.53,8.2,117,3
801,2024-06-09,Sunday,morning,828.28,8.4,39,2
802,2024-06-09,Sunday,midday,1617.41,10.2,195,7
803,2024-06-09,Sunday,afternoon,1255.44,19.6,144,5
804,2024-06-09,Sunday,evening,1979.55,10.8,186,6
805,2024-06-09,Sunday,night,753.53,10.6,63,6
806,2024-06-10,Monday,morning,712.81,15.5,84,3
807,2024-06-10,Monday,midday,1244.3,12.0,149,5
808,2024-06-10,Monday,afternoon,903.04,19.2,110,2
809,2024-06-10,Monday,evening,1482.94,10.7,93,5
810,2024-06-10,Monday,night,589.0,18.5,185,2
811,2024-06-11,Tuesday,morning,632.28,9.7,128,4
812,2024-06-11,Tuesday,midday,1165.55,8.8,97,4
813,2024-06-11,Tuesday,afternoon,991.01,19.5,38,6
814,2024-06-11,Tuesday,evening,1578.83,18.8,54,8
815,2024-06-11,Tuesday,night,566.44,14.9,55,4
816,2024-06-12,Wednesday,morning,840.08,17.5,90,8
817,2024-06-12,Wednesday,midday,1342.76,8.9,117,7
818,2024-06-12,Wednesday,afternoon,1097.76,12.4,192,3
819,2024-06-12,Wednesday,evening,1650.29,12.9,45,7
820,2024-06-12,Wednesday,night,651.71,12.0,112,8
821,2024-06-13,Thursday,morning,723.97,10.9,90,4
822,2024-06-13,Thursday,midday,1408.89,9.8,82,2
823,2024-06-13,Thursday,afternoon,1291.37,12.9,131,6
824,2024-06-13,Thursday,evening,1723.21,17.3,73,6
825,2024-06-13,Thursday,night,661.97,11.7,176,6
826,2024-06-14,Friday,morning,987.43,15.9,117,2
827,2024-06-14,Friday,midday,1773.16,9.0,75,4
828,2024-06-14,Friday,afternoon,1389.72,15.0,149,4
829,2024-06-14,Friday,evening,2280.4,16.7,47,8
830,2024-06-14,Friday,night,697.47,13.8,74,4
831,2024-06-15,Saturday,morning,1160.54,17.1,190,4
832,2024-06-15,Saturday,midday,1829.71,10.8,35,3
833,2024-06-15,Saturday,afternoon,1703.31,18.7,102,8
834,2024-06-15,Saturday,evening,2455.74,14.0,55,3
835,2024-06-15,Saturday,night,811.42,9.5,42,2
836,2024-06-16,Sunday,morning,947.32,8.9,177,4
837,2024-06-16,Sunday,midday,1608.44,11.2,194,2
838,2024-06-16,Sunday,afternoon,1372.1,15.7,37,3
839,2024-06-16,Sunday,evening,2000.07,8.3,154,5
840,2024-06-16,Sunday,night,834.93,15.3,116,3
841,2024-06-17,Monday,morning,757.41,8.5,190,6
842,2024-06-17,Monday,midday,1219.22,12.0,156,6
843,2024-06-17,Monday,afternoon,866.68,18.5,36,4
844,2024-06-17,Monday,evening,1642.05,14.8,110,2
845,2024-06-17,Monday,night,401.58,18.0,70,2
846,2024-06-18,Tuesday,morning,784.0,8.2,83,3
847,2024-06-18,Tuesday,midday,1109.31,12.3,122,5
848,2024-06-18,Tuesday,afternoon,1051.76,12.1,180,8
849,2024-06-18,Tuesday,evening,1509.83,15.2,114,3
850,2024-06-18,Tuesday,night,500.34,16.9,96,8
851,2024-06-19,Wednesday,morning,727.41,17.3,109,7
852,2024-06-19,Wednesday,midday,1198.16,17.3,146,6
853,2024-06-19,Wednesday,afternoon,1122.8,19.3,63,4
854,2024-06-19,Wednesday,evening,1805.85,8.1,151,2
855,2024-06-19,Wednesday,night,492.69,12.3,190,3
856,2024-06-20,Thursday,morning,685.68,12.8,53,2
857,2024-06-20,Thursday,midday,1371.05,14.5,82,6
858,2024-06-20,Thursday,afternoon,1171.18,17.3,96,6
859,2024-06-20,Thursday,evening,1769.78,10.1,71,6
860,2024-06-20,Thursday,night,634.01,8.3,92,5
861,2024-06-21,Friday,morning,1053.47,15.6,118,8
862,2024-06-21,Friday,midday,1669.58,12.7,84,4
863,2024-06-21,Friday,afternoon,1444.59,15.9,33,2
864,2024-06-21,Friday,evening,2142.05,17.7,132,7
865,2024-06-21,Friday,night,738.48,14.8,134,5
866,2024-06-22,Saturday,morning,1058.78,19.3,190,8
867,2024-06-22,Saturday,midday,1899.88,11.1,141,3
868,2024-06-22,Saturday,afternoon,1680.15,10.8,82,4
869,2024-06-22,Saturday,evening,2436.61,11.6,157,3
870,2024-06-22,Saturday,night,695.41,19.8,70,5
871,2024-06-23,Sunday,morning,1025.24,11.2,64,8
872,2024-06-23,Sunday,midday,1487.66,11.6,52,4
873,2024-06-23,Sunday,afternoon,1542.2,11.0,111,7
874,2024-06-23,Sunday,evening,2074.01,15.3,145,3
875,2024-06-23,Sunday,night,544.43,10.5,122,2
876,2024-06-24,Monday,morning,600.89,17.4,142,3
877,2024-06-24,Monday,midday,1149.73,19.2,36,8
878,2024-06-24,Monday,afternoon,1037.48,9.3,32,3
879,2024-06-24,Monday,evening,1568.87,16.8,54,8
880,2024-06-24,Monday,night,485.88,10.0,131,2
881,2024-06-25,Tuesday,morning,621.57,16.0,131,4
882,2024-06-25,Tuesday,midday,1318.88,19.8,38,6
883,2024-06-25,Tuesday,afternoon,1093.69,16.3,39,3
884,2024-06-25,Tuesday,evening,1761.13,14.1,89,6
885,2024-06-25,Tuesday,night,505.88,8.2,111,2
886,2024-06-26,Wednesday,morning,775.93,18.5,60,5
887,2024-06-26,Wednesday,midday,1426.01,8.0,87,7
888,2024-06-26,Wednesday,afternoon,1122.05,14.5,192,7
889,2024-06-26,Wednesday,evening,1466.83,14.4,157,2
890,2024-06-26,Wednesday,night,498.49,12.2,85,8
891,2024-06-27,Thursday,morning,962.33,16.8,99,7
892,2024-06-27,Thursday,midday,1366.38,10.1,97,4
893,2024-06-27,Thursday,afternoon,1221.58,14.1,134,8
894,2024-06-27,Thursday,evening,1809.98,14.7,122,4
895,2024-06-27,Thursday,night,721.86,15.8,169,4
896,2024-06-28,Friday,morning,968.12,14.6,135,8
897,2024-06-28,Friday,midday,1678.12,13.1,168,5
898,2024-06-28,Friday,afternoon,1376.75,12.6,68,5
899,2024-06-28,Friday,evening,2171.37,17.6,192,2
900,2024-06-28,Friday,night,555.1,10.9,158,4
901,2024-06-29,Saturday,morning,1035.13,19.9,80,7
902,2024-06-29,Saturday,midday,1768.57,9.4,188,8
903,2024-06-29,Saturday,afternoon,1744.18,12.9,172,4
904,2024-06-29,Saturday,evening,2456.66,16.2,143,6
905,2024-06-29,Saturday,night,766.54,14.9,151,7
906,2024-06-30,Sunday,morning,843.24,15.8,150,6
907,2024-06-30,Sunday,midday,1554.86,12.6,191,8
908,2024-06-30,Sunday,afternoon,1464.1,16.9,126,4
909,2024-06-30,Sunday,evening,2051.16,14.3,186,7
910,2024-06-30,Sunday,night,612.24,16.1,112,2
911,2024-07-01,Monday,morning,610.96,10.7,186,8
912,2024-07-01,Monday,midday,1117.49,11.2,151,8
913,2024-07-01,Monday,afternoon,1002.72,13.7,86,3
914,2024-07-01,Monday,evening,1434.34,8.8,165,4
915,2024-07-01,Monday,night,413.15,17.8,91,7
916,2024-07-02,Tuesday,morning,705.33,10.1,199,5
917,2024-07-02,Tuesday,midday,1345.17,18.3,196,8
918,2024-07-02,Tuesday,afternoon,1254.45,18.9,112,5
919,2024-07-02,Tuesday,evening,1516.85,13.1,134,3
920,2024-07-02,Tuesday,night,661.91,16.4,126,2
921,2024-07-03,Wednesday,morning,682.1,14.3,107,5
922,2024-07-03,Wednesday,midday,1418.62,15.9,100,5
923,2024-07-03,Wednesday,afternoon,1118.11,9.3,192,5
924,2024-07-03,Wednesday,evening,1794.17,16.8,74,8
925,2024-07-03,Wednesday,night,561.33,9.6,155,6
926,2024-07-04,Thursday,morning,799.05,15.9,189,4
927,2024-07-04,Thursday,midday,1257.67,11.0,172,3
928,2024-07-04,Thursday,afternoon,1178.93,8.0,96,2
929,2024-07-04,Thursday,evening,1742.34,14.5,112,4
930,2024-07-04,Thursday,night,563.11,10.9,142,2
931,2024-07-05,Friday,morning,867.87,9.1,62,5
932,2024-07-05,Friday,midday,1665.3,19.5,104,6
933,2024-07-05,Friday,afternoon,1474.91,16.6,126,4
934,2024-07-05,Friday,evening,1983.38,8.5,105,5
935,2024-07-05,Friday,night,620.73,11.1,91,5
936,2024-07-06,Saturday,morning,1125.98,18.2,63,6
937,2024-07-06,Saturday,midday,1966.5,16.5,125,2
938,2024-07-06,Saturday,afternoon,1819.08,16.0,114,8
939,2024-07-06,Saturday,evening,2551.31,12.6,164,5
940,2024-07-06,Saturday,night,867.81,14.0,194,8
941,2024-07-07,Sunday,morning,929.88,14.8,148,7
942,2024-07-07,Sunday,midday,1573.09,18.1,136,5
943,2024-07-07,Sunday,afternoon,1393.12,12.8,64,6
944,2024-07-07,Sunday,evening,2096.26,17.0,32,7
945,2024-07-07,Sunday,night,695.9,14.5,105,6
946,2024-07-08,Monday,morning,733.15,12.0,129,8
947,2024-07-08,Monday,midday,1156.34,18.2,176,8
948,2024-07-08,Monday,afternoon,1028.67,8.2,157,2
949,2024-07-08,Monday,evening,1562.25,13.5,81,7
950,2024-07-08,Monday,night,464.51,12.0,44,6
951,2024-07-09,Tuesday,morning,689.86,15.0,134,8
952,2024-07-09,Tuesday,midday,1182.42,8.6,190,3
953,2024-07-09,Tuesday,afternoon,1057.73,19.8,77,6
954,2024-07-09,Tuesday,evening,1666.96,11.3,97,2
955,2024-07-09,Tuesday,night,516.32,18.3,172,5
956,2024-07-10,Wednesday,morning,816.63,14.1,137,7
957,2024-07-10,Wednesday,midday,1394.68,18.4,141,8
958,2024-07-10,Wednesday,afternoon,1161.53,14.5,108,3
959,2024-07-10,Wednesday,evening,1746.91,15.8,148,7
960,2024-07-10,Wednesday,night,610.18,13.9,179,3
961,2024-07-11,Thursday,morning,704.38,10.4,172,7
962,2024-07-11,Thursday,midday,1507.47,8.6,110,2
963,2024-07-11,Thursday,afternoon,1119.73,14.8,112,2
964,2024-07-11,Thursday,evening,1783.07,11.3,142,4
965,2024-07-11,Thursday,night,616.76,19.7,186,5
966,2024-07-12,Friday,morning,1012.21,12.9,143,3
967,2024-07-12,Friday,midday,1699.88,13.2,193,2
968,2024-07-12,Friday,afternoon,1420.87,8.6,48,8
969,2024-07-12,Friday,evening,2118.52,19.1,173,7
970,2024-07-12,Friday,night,691.32,17.6,157,3
971,2024-07-13,Saturday,morning,1024.78,11.5,84,6
972,2024-07-13,Saturday,midday,1783.53,18.1,67,8
973,2024-07-13,Saturday,afternoon,1667.38,9.2,54,3
974,2024-07-13,Saturday,evening,2403.12,17.4,42,5
975,2024-07-13,Saturday,night,834.86,16.5,143,7
976,2024-07-14,Sunday,morning,1069.45,13.1,44,7
977,2024-07-14,Sunday,midday,1641.61,13.4,89,8
978,2024-07-14,Sunday,afternoon,1415.14,15.0,111,7
979,2024-07-14,Sunday,evening,2027.05,18.9,113,6
980,2024-07-14,Sunday,night,672.81,18.1,68,8
981,2024-07-15,Monday,morning,650.62,19.7,113,5
982,2024-07-15,Monday,midday,1140.04,9.9,104,3
983,2024-07-15,Monday,afternoon,950.67,10.4,68,7
984,2024-07-15,Monday,evening,1428.22,10.2,115,7
985,2024-07-15,Monday,night,491.68,12.2,198,3
986,2024-07-16,Tuesday,morning,733.07,20.0,164,6
987,2024-07-16,Tuesday,midday,1343.25,8.2,157,2
988,2024-07-16,Tuesday,afternoon,1121.07,10.4,101,8
989,2024-07-16,Tuesday,evening,1585.4,17.1,81,3
990,2024-07-16,Tuesday,night,640.13,13.6,88,6
991,2024-07-17,Wednesday,morning,778.27,15.2,30,4
992,2024-07-17,Wednesday,midday,1320.63,10.3,68,7
993,2024-07-17,Wednesday,afternoon,1124.81,12.2,153,3
994,2024-07-17,Wednesday,evening,1756.74,12.0,123,3
995,2024-07-17,Wednesday,night,686.65,17.7,173,5
996,2024-07-18,Thursday,morning,896.06,9.1,171,2
997,2024-07-18,Thursday,midday,1425.45,13.5,38,2
998,2024-07-18,Thursday,afternoon,1095.4,14.2,54,5
999,2024-07-18,Thursday,evening,1774.3,14.9,120,2
1000,2024-07-18,Thursday,night,566.07,12.5,199,7
1001,2024-07-19,Friday,morning,985.13,19.3,114,2
1002,2024-07-19,Friday,midday,1721.82,18.1,152,4
1003,2024-07-19,Friday,afternoon,1461.07,18.5,59,3
1004,2024-07-19,Friday,evening,2188.63,14.0,167,6
1005,2024-07-19,Friday,night,786.43,10.0,167,2
1006,2024-07-20,Saturday,morning,1140.51,14.1,123,3
1007,2024-07-20,Saturday,midday,1868.73,19.9,91,7
1008,2024-07-20,Saturday,afternoon,1719.6,18.5,158,3
1009,2024-07-20,Saturday,evening,2440.79,19.3,155,8
1010,2024-07-20,Saturday,night,801.14,17.5,176,3
1011,2024-07-21,Sunday,morning,898.4,17.0,69,8
1012,2024-07-21,Sunday,midday,1556.46,11.2,37,5
1013,2024-07-21,Sunday,afternoon,1304.27,11.5,60,2
1014,2024-07-21,Sunday,evening,2130.08,16.0,85,3
1015,2024-07-21,Sunday,night,695.59,14.2,45,8
1016,2024-07-22,Monday,morning,818.05,10.9,183,4
1017,2024-07-22,Monday,midday,1213.08,15.4,74,8
1018,2024-07-22,Monday,afternoon,1017.52,11.6,51,8
1019,2024-07-22,Monday,evening,1536.16,10.2,111,5
1020,2024-07-22,Monday,night,403.08,17.4,38,2
1021,2024-07-23,Tuesday,morning,730.88,14.1,72,3
1022,2024-07-23,Tuesday,midday,1216.04,17.6,65,3
1023,2024-07-23,Tuesday,afternoon,1098.02,12.0,47,2
1024,2024-07-23,Tuesday,evening,1673.38,17.5,152,2
1025,2024-07-23,Tuesday,night,400.96,18.9,184,7
1026,2024-07-24,Wednesday,morning,762.33,8.8,190,2
1027,2024-07-24,Wednesday,midday,1409.56,9.1,119,6
1028,2024-07-24,Wednesday,afternoon,1024.06,9.9,156,7
1029,2024-07-24,Wednesday,evening,1722.95,11.1,107,2
1030,2024-07-24,Wednesday,night,477.22,16.9,181,3
1031,2024-07-25,Thursday,morning,662.76,17.4,161,4
1032,2024-07-25,Thursday,midday,1459.06,17.0,181,6
1033,2024-07-25,Thursday,afternoon,1136.49,8.8,94,8
1034,2024-07-25,Thursday,evening,1706.3,18.1,89,3
1035,2024-07-25,Thursday,night,628.41,10.8,156,6
1036,2024-07-26,Friday,morning,1043.85,18.9,42,5
1037,2024-07-26,Friday,midday,1638.59,15.5,117,8
1038,2024-07-26,Friday,afternoon,1371.35,12.5,52,3
1039,2024-07-26,Friday,evening,2072.47,12.1,182,8
1040,2024-07-26,Friday,night,595.5,13.1,108,2
1041,2024-07-27,Saturday,morning,1046.05,19.4,151,5
1042,2024-07-27,Saturday,midday,1993.44,12.9,106,5
1043,2024-07-27,Saturday,afternoon,1681.15,9.0,130,8
1044,2024-07-27,Saturday,evening,2509.69,13.6,38,4
1045,2024-07-27,Saturday,night,681.56,10.2,143,5
1046,2024-07-28,Sunday,morning,1134.63,15.9,91,2
1047,2024-07-28,Sunday,midday,1633.6,12.5,77,5
1048,2024-07-28,Sunday,afternoon,1489.87,11.3,68,4
1049,2024-07-28,Sunday,evening,2106.93,17.8,130,4
1050,2024-07-28,Sunday,night,754.66,14.0,159,8
1051,2024-07-29,Monday,morning,731.72,18.0,71,5
1052,2024-07-29,Monday,midday,1186.27,14.3,30,8
1053,2024-07-29,Monday,afternoon,1107.1,13.5,198,4
1054,2024-07-29,Monday,evening,1701.87,16.8,55,6
1055,2024-07-29,Monday,night,497.05,16.0,64,8
1056,2024-07-30,Tuesday,morning,586.81,18.7,200,5
1057,2024-07-30,Tuesday,midday,1359.41,13.3,105,4
1058,2024-07-30,Tuesday,afternoon,1131.37,11.7,191,7
1059,2024-07-30,Tuesday,evening,1550.88,16.1,197,5
1060,2024-07-30,Tuesday,night,608.38,13.9,34,2
1061,2024-07-31,Wednesday,morning,878.55,9.4,126,5
1062,2024-07-31,Wednesday,midday,1211.78,11.7,161,3
1063,2024-07-31,Wednesday,afternoon,1122.36,8.4,113,5
1064,2024-07-31,Wednesday,evening,1578.0,9.6,99,3
1065,2024-07-31,Wednesday,night,638.31,14.1,130,3
1066,2024-08-01,Thursday,morning,965.37,17.0,194,4
1067,2024-08-01,Thursday,midday,1358.53,17.3,36,5
1068,2024-08-01,Thursday,afternoon,1157.31,14.6,134,7
1069,2024-08-01,Thursday,evening,1968.99,15.7,156,7
1070,2024-08-01,Thursday,night,698.97,12.3,101,4
1071,2024-08-02,Friday,morning,1015.04,17.9,166,4
1072,2024-08-02,Friday,midday,1769.04,18.7,81,6
1073,2024-08-02,Friday,afternoon,1450.08,11.7,163,3
1074,2024-08-02,Friday,evening,2133.3,16.2,43,6
1075,2024-08-02,Friday,night,696.82,19.6,77,4
1076,2024-08-03,Saturday,morning,1155.12,11.7,151,3
1077,2024-08-03,Saturday,midday,1756.77,12.8,96,4
1078,2024-08-03,Saturday,afternoon,1493.76,12.7,128,8
1079,2024-08-03,Saturday,evening,2491.39,10.4,189,5
1080,2024-08-03,Saturday,night,795.71,14.0,134,7
1081,2024-08-04,Sunday,morning,1010.66,8.5,101,8
1082,2024-08-04,Sunday,midday,1752.55,14.4,199,6
1083,2024-08-04,Sunday,afternoon,1427.64,8.9,130,4
1084,2024-08-04,Sunday,evening,2002.76,16.6,131,6
1085,2024-08-04,Sunday,night,748.4,9.5,145,8
1086,2024-08-05,Monday,morning,535.11,8.1,166,8
1087,2024-08-05,Monday,midday,1168.11,15.2,122,4
1088,2024-08-05,Monday,afternoon,955.28,19.8,47,6
1089,2024-08-05,Monday,evening,1619.37,17.9,58,4
1090,2024-08-05,Monday,night,571.89,10.0,75,7
1091,2024-08-06,Tuesday,morning,638.18,17.3,130,8
1092,2024-08-06,Tuesday,midday,1168.46,19.3,117,5
1093,2024-08-06,Tuesday,afternoon,966.94,12.2,77,7
1094,2024-08-06,Tuesday,evening,1710.5,18.5,166,7
1095,2024-08-06,Tuesday,night,422.02,18.8,64,3
1096,2024-08-07,Wednesday,morning,744.2,12.1,46,5
1097,2024-08-07,Wednesday,midday,1335.76,14.9,90,6
1098,2024-08-07,Wednesday,afternoon,1142.57,13.2,84,6
1099,2024-08-07,Wednesday,evening,1691.33,16.2,63,3
1100,2024-08-07,Wednesday,night,430.94,10.7,91,6
1101,2024-08-08,Thursday,morning,846.12,8.4,196,5
1102,2024-08-08,Thursday,midday,1446.09,18.5,63,7
1103,2024-08-08,Thursday,afternoon,1164.51,15.3,100,7
1104,2024-08-08,Thursday,evening,1680.36,8.8,184,6
1105,2024-08-08,Thursday,night,628.73,10.6,87,4
1106,2024-08-09,Friday,morning,902.94,9.1,175,8
1107,2024-08-09,Friday,midday,1695.3,14.2,61,8
1108,2024-08-09,Friday,afternoon,1448.24,19.4,85,2
1109,2024-08-09,Friday,evening,2028.82,13.4,158,2
1110,2024-08-09,Friday,night,755.68,19.7,181,6
1111,2024-08-10,Saturday,morning,1063.1,14.5,149,2
1112,2024-08-10,Saturday,midday,1878.41,13.8,105,7
1113,2024-08-10,Saturday,afternoon,1810.54,14.4,88,3
1114,2024-08-10,Saturday,evening,2349.35,14.7,83,4
1115,2024-08-10,Saturday,night,887.51,14.4,37,3
1116,2024-08-11,Sunday,morning,796.85,17.3,37,8
1117,2024-08-11,Sunday,midday,1526.02,8.8,191,4
1118,2024-08-11,Sunday,afternoon,1377.54,16.7,179,2
1119,2024-08-11,Sunday,evening,1992.41,15.1,87,7
1120,2024-08-11,Sunday,night,746.27,18.4,44,8
1121,2024-08-12,Monday,morning,611.95,15.9,94,2
1122,2024-08-12,Monday,midday,1261.24,15.7,177,3
1123,2024-08-12,Monday,afternoon,828.3,18.6,188,5
1124,2024-08-12,Monday,evening,1618.26,10.3,187,3
1125,2024-08-12,Monday,night,546.72,17.1,49,7
1126,2024-08-13,Tuesday,morning,751.12,18.8,34,5
1127,2024-08-13,Tuesday,midday,1284.25,16.9,97,3
1128,2024-08-13,Tuesday,afternoon,940.71,14.7,105,7
1129,2024-08-13,Tuesday,evening,1623.88,16.9,186,7
1130,2024-08-13,Tuesday,night,523.22,8.2,120,3
1131,2024-08-14,Wednesday,morning,627.79,15.7,191,6
1132,2024-08-14,Wednesday,midday,1404.96,11.2,120,7
1133,2024-08-14,Wednesday,afternoon,1198.43,19.9,108,2
1134,2024-08-14,Wednesday,evening,1806.9,8.5,74,7
1135,2024-08-14,Wednesday,night,464.79,17.7,146,8
1136,2024-08-15,Thursday,morning,935.18,9.2,57,8
1137,2024-08-15,Thursday,midday,1478.76,13.7,51,4
1138,2024-08-15,Thursday,afternoon,1314.15,17.5,151,8
1139,2024-08-15,Thursday,evening,1954.09,14.3,94,6
1140,2024-08-15,Thursday,night,576.85,12.7,120,4
1141,2024-08-16,Friday,morning,855.41,10.3,101,8
1142,2024-08-16,Friday,midday,1523.3,19.8,141,8
1143,2024-08-16,Friday,afternoon,1431.31,17.7,141,3
1144,2024-08-16,Friday,evening,2081.71,9.7,58,3
1145,2024-08-16,Friday,night,706.36,8.3,52,5
1146,2024-08-17,Saturday,morning,982.47,17.4,82,6
1147,2024-08-17,Saturday,midday,1860.01,11.9,189,6
1148,2024-08-17,Saturday,afternoon,1613.46,18.6,154,8
1149,2024-08-17,Saturday,evening,2395.25,10.9,120,5
1150,2024-08-17,Saturday,night,768.28,18.6,55,6
1151,2024-08-18,Sunday,morning,1058.38,13.3,176,6
1152,2024-08-18,Sunday,midday,1476.07,19.0,142,8
1153,2024-08-18,Sunday,afternoon,1497.05,8.6,150,3
1154,2024-08-18,Sunday,evening,2122.9,12.8,91,7
1155,2024-08-18,Sunday,night,617.54,13.7,66,2
1156,2024-08-19,Monday,morning,580.88,18.9,183,5
1157,2024-08-19,Monday,midday,1244.54,19.8,88,2
1158,2024-08-19,Monday,afternoon,1042.69,12.7,87,7
1159,2024-08-19,Monday,evening,1521.65,10.9,81,8
1160,2024-08-19,Monday,night,394.73,8.0,149,2
1161,2024-08-20,Tuesday,morning,564.56,19.5,41,6
1162,2024-08-20,Tuesday,midday,1370.0,15.7,135,4
1163,2024-08-20,Tuesday,afternoon,1166.86,13.7,56,8
1164,2024-08-20,Tuesday,evening,1643.07,19.7,54,3
1165,2024-08-20,Tuesday,night,601.02,15.4,112,2
1166,2024-08-21,Wednesday,morning,836.91,14.1,127,2
1167,2024-08-21,Wednesday,midday,1347.66,15.8,51,6
1168,2024-08-21,Wednesday,afternoon,1148.6,14.7,186,6
1169,2024-08-21,Wednesday,evening,1735.81,16.5,199,6
1170,2024-08-21,Wednesday,night,474.06,15.4,147,5
1171,2024-08-22,Thursday,morning,751.02,10.5,77,8
1172,2024-08-22,Thursday,midday,1309.96,14.1,147,3
1173,2024-08-22,Thursday,afternoon,1283.43,10.5,139,2
1174,2024-08-22,Thursday,evening,1880.5,15.4,52,6
1175,2024-08-22,Thursday,night,480.54,9.1,91,8
1176,2024-08-23,Friday,morning,945.16,18.6,55,2
1177,2024-08-23,Friday,midday,1634.25,17.1,67,5
1178,2024-08-23,Friday,afternoon,1490.22,15.3,115,8
1179,2024-08-23,Friday,evening,2171.55,8.5,183,3
1180,2024-08-23,Friday,night,750.3,14.2,146,5
1181,2024-08-24,Saturday,morning,1172.82,10.5,50,2
1182,2024-08-24,Saturday,midday,1841.81,18.0,37,7
1183,2024-08-24,Saturday,afternoon,1554.42,13.2,44,3
1184,2024-08-24,Saturday,evening,2288.65,15.4,105,5
1185,2024-08-24,Saturday,night,808.53,17.5,119,2
1186,2024-08-25,Sunday,morning,962.91,11.9,54,3
1187,2024-08-25,Sunday,midday,1399.29,15.8,151,8
1188,2024-08-25,Sunday,afternoon,1459.05,15.5,113,4
1189,2024-08-25,Sunday,evening,2074.3,14.5,117,3
1190,2024-08-25,Sunday,night,677.71,14.5,121,8
1191,2024-08-26,Monday,morning,614.86,17.3,117,8
1192,2024-08-26,Monday,midday,1310.8,9.0,71,2
1193,2024-08-26,Monday,afternoon,1172.37,13.1,116,4
1194,2024-08-26,Monday,evening,1564.44,8.8,61,5
1195,2024-08-26,Monday,night,562.16,15.8,167,3
1196,2024-08-27,Tuesday,morning,803.48,19.3,134,6
1197,2024-08-27,Tuesday,midday,1182.68,9.1,84,3
1198,2024-08-27,Tuesday,afternoon,885.44,11.4,33,7
1199,2024-08-27,Tuesday,evening,1611.88,19.9,75,6
1200,2024-08-27,Tuesday,night,666.64,13.3,72,7
1201,2024-08-28,Wednesday,morning,821.98,12.7,117,4
1202,2024-08-28,Wednesday,midday,1309.03,19.5,53,7
1203,2024-08-28,Wednesday,afternoon,1216.41,15.4,197,7
1204,2024-08-28,Wednesday,evening,1624.68,16.9,66,7
1205,2024-08-28,Wednesday,night,597.2,12.7,49,2
1206,2024-08-29,Thursday,morning,812.68,16.8,167,2
1207,2024-08-29,Thursday,midday,1428.18,14.7,156,7
1208,2024-08-29,Thursday,afternoon,1214.02,19.6,100,8
1209,2024-08-29,Thursday,evening,1636.75,11.1,131,5
1210,2024-08-29,Thursday,night,653.01,16.4,74,5
1211,2024-08-30,Friday,morning,1123.75,18.3,147,4
1212,2024-08-30,Friday,midday,1668.98,11.9,82,2
1213,2024-08-30,Friday,afternoon,1333.14,9.3,83,8
1214,2024-08-30,Friday,evening,2250.7,12.2,115,4
1215,2024-08-30,Friday,night,610.57,8.9,52,3
1216,2024-08-31,Saturday,morning,970.72,17.4,199,6
1217,2024-08-31,Saturday,midday,1866.27,8.5,153,2
1218,2024-08-31,Saturday,afternoon,1677.83,18.0,44,5
1219,2024-08-31,Saturday,evening,2429.15,15.0,45,2
1220,2024-08-31,Saturday,night,844.52,11.6,98,8
1221,2024-09-01,Sunday,morning,1090.12,12.3,168,7
1222,2024-09-01,Sunday,midday,1530.91,10.1,124,8
1223,2024-09-01,Sunday,afternoon,1373.81,10.0,199,2
1224,2024-09-01,Sunday,evening,1993.28,18.5,72,4
1225,2024-09-01,Sunday,night,702.58,8.4,196,3
1226,2024-09-02,Monday,morning,494.8,18.6,128,8
1227,2024-09-02,Monday,midday,1114.04,13.7,31,2
1228,2024-09-02,Monday,afternoon,1105.78,9.2,126,8
1229,2024-09-02,Monday,evening,1485.63,13.7,154,2
1230,2024-09-02,Monday,night,557.64,9.3,172,7
1231,2024-09-03,Tuesday,morning,638.62,13.8,74,3
1232,2024-09-03,Tuesday,midday,1264.01,13.1,45,2
1233,2024-09-03,Tuesday,afternoon,1102.87,13.3,91,4
1234,2024-09-03,Tuesday,evening,1678.62,14.7,48,6
1235,2024-09-03,Tuesday,night,562.79,14.8,126,2
1236,2024-09-04,Wednesday,morning,890.13,8.7,140,6
1237,2024-09-04,Wednesday,midday,1421.19,14.1,110,3
1238,2024-09-04,Wednesday,afternoon,1173.46,9.2,152,4
1239,2024-09-04,Wednesday,evening,1520.38,17.4,63,2
1240,2024-09-04,Wednesday,night,608.05,17.7,191,4
1241,2024-09-05,Thursday,morning,853.02,17.5,47,2
1242,2024-09-05,Thursday,midday,1437.48,16.4,151,5
1243,2024-09-05,Thursday,afternoon,1195.61,15.5,161,2
1244,2024-09-05,Thursday,evening,1895.39,15.7,38,6
1245,2024-09-05,Thursday,night,517.98,16.0,65,7
1246,2024-09-06,Friday,morning,849.42,12.4,129,8
1247,2024-09-06,Friday,midday,1733.48,8.5,124,7
1248,2024-09-06,Friday,afternoon,1394.02,18.8,76,7
1249,2024-09-06,Friday,evening,2175.63,18.8,50,5
1250,2024-09-06,Friday,night,826.86,10.6,39,4
1251,2024-09-07,Saturday,morning,1039.17,10.3,110,6
1252,2024-09-07,Saturday,midday,1906.46,10.4,46,5
1253,2024-09-07,Saturday,afternoon,1667.48,12.3,153,3
1254,2024-09-07,Saturday,evening,2437.53,8.8,125,6
1255,2024-09-07,Saturday,night,889.62,16.1,84,6
1256,2024-09-08,Sunday,morning,815.01,18.9,79,8
1257,2024-09-08,Sunday,midday,1542.28,17.4,99,3
1258,2024-09-08,Sunday,afternoon,1392.72,19.7,112,2
1259,2024-09-08,Sunday,evening,2008.83,16.0,35,6
1260,2024-09-08,Sunday,night,730.47,12.5,71,3
1261,2024-09-09,Monday,morning,680.67,15.3,96,6
1262,2024-09-09,Monday,midday,1188.75,13.4,173,6
1263,2024-09-09,Monday,afternoon,1009.63,10.9,60,4
1264,2024-09-09,Monday,evening,1487.71,19.5,68,3
1265,2024-09-09,Monday,night,553.13,11.9,44,3
1266,2024-09-10,Tuesday,morning,719.59,10.8,72,2
1267,2024-09-10,Tuesday,midday,1184.59,12.9,175,7
1268,2024-09-10,Tuesday,afternoon,1035.03,10.7,68,7
1269,2024-09-10,Tuesday,evening,1597.34,12.9,43,5
1270,2024-09-10,Tuesday,night,729.57,19.0,56,2
1271,2024-09-11,Wednesday,morning,785.19,17.0,74,8
1272,2024-09-11,Wednesday,midday,1312.64,9.7,48,6
1273,2024-09-11,Wednesday,afternoon,1091.64,16.0,161,6
1274,2024-09-11,Wednesday,evening,1757.25,9.4,92,5
1275,2024-09-11,Wednesday,night,511.99,17.6,163,6
1276,2024-09-12,Thursday,morning,710.94,10.3,49,6
1277,2024-09-12,Thursday,midday,1483.17,10.2,95,7
1278,2024-09-12,Thursday,afternoon,1137.59,10.8,123,6
1279,2024-09-12,Thursday,evening,1793.06,16.4,44,6
1280,2024-09-12,Thursday,night,748.49,16.2,84,7
1281,2024-09-13,Friday,morning,875.23,13.3,117,7
1282,2024-09-13,Friday,midday,1838.63,17.1,195,3
1283,2024-09-13,Friday,afternoon,1370.83,19.7,140,2
1284,2024-09-13,Friday,evening,2175.23,19.5,83,6
1285,2024-09-13,Friday,night,548.15,18.8,89,4
1286,2024-09-14,Saturday,morning,1190.4,16.8,122,5
1287,2024-09-14,Saturday,midday,1819.28,9.5,86,7
1288,2024-09-14,Saturday,afternoon,1503.22,10.6,98,2
1289,2024-09-14,Saturday,evening,2472.17,12.9,137,7
1290,2024-09-14,Saturday,night,819.61,8.9,179,5
1291,2024-09-15,Sunday,morning,1018.13,12.3,141,4
1292,2024-09-15,Sunday,midday,1572.83,10.1,153,7
1293,2024-09-15,Sunday,afternoon,1499.37,9.9,124,2
1294,2024-09-15,Sunday,evening,2083.26,19.5,104,8
1295,2024-09-15,Sunday,night,638.63,11.0,181,8
1296,2024-09-16,Monday,morning,663.22,10.4,107,7
1297,2024-09-16,Monday,midday,1184.62,15.2,200,8
1298,2024-09-16,Monday,afternoon,1168.43,15.1,80,2
1299,2024-09-16,Monday,evening,1461.93,14.7,37,2
1300,2024-09-16,Monday,night,463.42,17.6,74,2
1301,2024-09-17,Tuesday,morning,717.63,10.8,97,7
1302,2024-09-17,Tuesday,midday,1253.3,17.4,90,2
1303,2024-09-17,Tuesday,afternoon,1112.82,9.1,80,3
1304,2024-09-17,Tuesday,evening,1624.97,13.6,48,6
1305,2024-09-17,Tuesday,night,501.3,17.0,96,4
1306,2024-09-18,Wednesday,morning,814.02,8.7,51,4
1307,2024-09-18,Wednesday,midday,1348.31,15.5,97,3
1308,2024-09-18,Wednesday,afternoon,1169.86,17.5,114,4
1309,2024-09-18,Wednesday,evening,1665.88,15.3,173,8
1310,2024-09-18,Wednesday,night,569.51,8.6,69,8
1311,2024-09-19,Thursday,morning,772.17,16.6,88,4
1312,2024-09-19,Thursday,midday,1326.16,17.6,150,2
1313,2024-09-19,Thursday,afternoon,1242.12,17.5,145,8
1314,2024-09-19,Thursday,evening,1818.43,13.6,89,6
1315,2024-09-19,Thursday,night,698.34,14.8,65,2
1316,2024-09-20,Friday,morning,1025.33,10.3,179,3
1317,2024-09-20,Friday,midday,1768.34,10.9,96,6
1318,2024-09-20,Friday,afternoon,1511.14,13.1,166,4
1319,2024-09-20,Friday,evening,2156.79,16.7,86,6
1320,2024-09-20,Friday,night,700.21,11.5,193,7
1321,2024-09-21,Saturday,morning,1040.11,18.8,82,4
1322,2024-09-21,Saturday,midday,1786.96,19.9,96,3
1323,2024-09-21,Saturday,afternoon,1651.51,17.3,109,5
1324,2024-09-21,Saturday,evening,2477.87,11.8,108,2
1325,2024-09-21,Saturday,night,820.74,11.5,113,6
1326,2024-09-22,Sunday,morning,851.18,10.8,74,7
1327,2024-09-22,Sunday,midday,1673.86,10.4,60,8
1328,2024-09-22,Sunday,afternoon,1317.94,14.1,163,8
1329,2024-09-22,Sunday,evening,1987.32,14.4,49,2
1330,2024-09-22,Sunday,night,786.39,15.9,189,5
1331,2024-09-23,Monday,morning,652.55,17.6,161,3
1332,2024-09-23,Monday,midday,1201.41,13.4,152,7
1333,2024-09-23,Monday,afternoon,911.05,14.4,110,6
1334,2024-09-23,Monday,evening,1591.34,8.6,146,2
1335,2024-09-23,Monday,night,467.8,8.4,172,3
1336,2024-09-24,Tuesday,morning,671.02,8.8,188,2
1337,2024-09-24,Tuesday,midday,1250.69,17.0,117,5
1338,2024-09-24,Tuesday,afternoon,1108.67,14.2,67,5
1339,2024-09-24,Tuesday,evening,1578.85,16.8,38,4
1340,2024-09-24,Tuesday,night,419.94,18.9,64,6
1341,2024-09-25,Wednesday,morning,784.01,10.0,166,6
1342,2024-09-25,Wednesday,midday,1349.0,18.0,73,3
1343,2024-09-25,Wednesday,afternoon,1202.81,13.1,116,4
1344,2024-09-25,Wednesday,evening,1830.79,9.5,92,5
1345,2024-09-25,Wednesday,night,609.28,11.1,128,5
1346,2024-09-26,Thursday,morning,792.95,10.7,77,6
1347,2024-09-26,Thursday,midday,1450.35,12.7,81,7
1348,2024-09-26,Thursday,afternoon,1074.84,17.4,79,5
1349,2024-09-26,Thursday,evening,1914.69,12.1,93,2
1350,2024-09-26,Thursday,night,691.3,11.1,150,8
1351,2024-09-27,Friday,morning,1005.29,18.3,112,4
1352,2024-09-27,Friday,midday,1677.31,10.1,117,7
1353,2024-09-27,Friday,afternoon,1471.86,17.9,89,6
1354,2024-09-27,Friday,evening,2236.96,12.1,95,6
1355,2024-09-27,Friday,night,741.45,20.0,88,8
1356,2024-09-28,Saturday,morning,1085.42,11.8,98,4
1357,2024-09-28,Saturday,midday,1854.67,12.7,102,2
1358,2024-09-28,Saturday,afternoon,1725.19,19.3,33,7
1359,2024-09-28,Saturday,evening,2333.78,18.6,92,8
1360,2024-09-28,Saturday,night,870.58,19.0,43,7
1361,2024-09-29,Sunday,morning,941.66,11.7,159,7
1362,2024-09-29,Sunday,midday,1650.24,11.9,141,8
1363,2024-09-29,Sunday,afternoon,1359.2,16.6,44,4
1364,2024-09-29,Sunday,evening,2125.47,18.8,74,8
1365,2024-09-29,Sunday,night,631.45,18.3,168,7
1366,2024-09-30,Monday,morning,805.02,18.9,170,5
1367,2024-09-30,Monday,midday,1275.07,13.5,84,7
1368,2024-09-30,Monday,afternoon,990.08,12.1,93,2
1369,2024-09-30,Monday,evening,1587.51,8.3,36,3
1370,2024-09-30,Monday,night,552.0,12.4,187,2
1371,2024-10-01,Tuesday,morning,693.72,18.3,193,5
1372,2024-10-01,Tuesday,midday,1260.35,11.7,152,5
1373,2024-10-01,Tuesday,afternoon,1038.42,18.7,150,4
1374,2024-10-01,Tuesday,evening,1725.25,18.8,109,7
1375,2024-10-01,Tuesday,night,613.33,9.3,180,8
1376,2024-10-02,Wednesday,morning,685.69,18.8,47,5
1377,2024-10-02,Wednesday,midday,1318.37,19.5,88,3
1378,2024-10-02,Wednesday,afternoon,1144.09,10.5,168,4
1379,2024-10-02,Wednesday,evening,1815.39,18.4,197,6
1380,2024-10-02,Wednesday,night,518.46,8.4,181,6
1381,2024-10-03,Thursday,morning,684.12,13.2,53,3
1382,2024-10-03,Thursday,midday,1452.44,14.3,161,8
1383,2024-10-03,Thursday,afternoon,1198.84,17.5,184,8
1384,2024-10-03,Thursday,evening,1763.0,8.7,123,7
1385,2024-10-03,Thursday,night,528.44,16.5,136,3
1386,2024-10-04,Friday,morning,991.79,11.9,114,6
1387,2024-10-04,Friday,midday,1674.26,14.6,158,2
1388,2024-10-04,Friday,afternoon,1388.87,16.0,66,6
1389,2024-10-04,Friday,evening,2506.82,14.7,72,3
1390,2024-10-04,Friday,night,623.16,8.2,196,6
1391,2024-10-05,Saturday,morning,1108.36,14.8,43,2
1392,2024-10-05,Saturday,midday,1863.02,10.5,35,6
1393,2024-10-05,Saturday,afternoon,1695.19,16.6,85,6
1394,2024-10-05,Saturday,evening,2328.09,13.5,69,6
1395,2024-10-05,Saturday,night,820.52,13.3,37,5
1396,2024-10-06,Sunday,morning,964.92,9.6,96,6
1397,2024-10-06,Sunday,midday,1596.41,14.2,149,2
1398,2024-10-06,Sunday,afternoon,1462.42,9.1,31,8
1399,2024-10-06,Sunday,evening,2001.76,17.0,90,6
1400,2024-10-06,Sunday,night,797.22,11.1,162,8
1401,2024-10-07,Monday,morning,729.08,18.8,81,6
1402,2024-10-07,Monday,midday,1287.02,16.7,58,7
1403,2024-10-07,Monday,afternoon,915.55,10.6,138,6
1404,2024-10-07,Monday,evening,1555.18,8.6,30,5
1405,2024-10-07,Monday,night,619.77,18.8,173,7
1406,2024-10-08,Tuesday,morning,602.0,13.0,111,5
1407,2024-10-08,Tuesday,midday,1286.43,14.5,134,8
1408,2024-10-08,Tuesday,afternoon,1129.23,16.7,80,3
1409,2024-10-08,Tuesday,evening,1663.51,15.4,107,4
1410,2024-10-08,Tuesday,night,609.74,9.9,85,5
1411,2024-10-09,Wednesday,morning,805.11,11.8,159,4
1412,2024-10-09,Wednesday,midday,1356.67,10.2,152,8
1413,2024-10-09,Wednesday,afternoon,940.18,13.8,100,5
1414,2024-10-09,Wednesday,evening,1789.37,14.2,150,6
1415,2024-10-09,Wednesday,night,475.93,10.8,120,7
1416,2024-10-10,Thursday,morning,794.68,12.6,47,5
1417,2024-10-10,Thursday,midday,1505.13,12.0,130,7
1418,2024-10-10,Thursday,afternoon,1276.82,9.8,176,6
1419,2024-10-10,Thursday,evening,1955.57,16.7,120,6
1420,2024-10-10,Thursday,night,606.27,15.6,132,5
1421,2024-10-11,Friday,morning,925.93,15.8,31,7
1422,2024-10-11,Friday,midday,1648.11,9.7,123,7
1423,2024-10-11,Friday,afternoon,1524.33,15.1,86,4
1424,2024-10-11,Friday,evening,2046.31,17.6,70,6
1425,2024-10-11,Friday,night,610.06,11.4,64,8
1426,2024-10-12,Saturday,morning,1042.82,19.7,187,4
1427,2024-10-12,Saturday,midday,1920.01,11.3,163,2
1428,2024-10-12,Saturday,afternoon,1539.13,12.2,166,8
1429,2024-10-12,Saturday,evening,2533.17,13.7,115,4
1430,2024-10-12,Saturday,night,760.97,12.6,185,6
1431,2024-10-13,Sunday,morning,933.93,12.4,129,2
1432,2024-10-13,Sunday,midday,1549.41,12.4,190,6
1433,2024-10-13,Sunday,afternoon,1548.05,11.5,156,3
1434,2024-10-13,Sunday,evening,2082.69,19.3,126,2
1435,2024-10-13,Sunday,night,738.79,16.8,65,3
1436,2024-10-14,Monday,morning,705.14,11.7,86,2
1437,2024-10-14,Monday,midday,1152.38,19.7,57,3
1438,2024-10-14,Monday,afternoon,1035.82,14.6,52,8
1439,2024-10-14,Monday,evening,1606.08,10.3,157,8
1440,2024-10-14,Monday,night,471.29,16.8,138,2
1441,2024-10-15,Tuesday,morning,633.72,10.2,62,4
1442,2024-10-15,Tuesday,midday,1168.62,8.5,44,3
1443,2024-10-15,Tuesday,afternoon,1091.93,16.5,191,3
1444,2024-10-15,Tuesday,evening,1631.82,9.3,71,2
1445,2024-10-15,Tuesday,night,586.12,16.1,80,4
1446,2024-10-16,Wednesday,morning,859.51,9.5,141,4
1447,2024-10-16,Wednesday,midday,1282.67,10.8,36,7
1448,2024-10-16,Wednesday,afternoon,1178.71,16.5,74,3
1449,2024-10-16,Wednesday,evening,1729.6,12.2,197,2
1450,2024-10-16,Wednesday,night,611.59,13.3,189,7
1451,2024-10-17,Thursday,morning,915.92,14.6,177,2
1452,2024-10-17,Thursday,midday,1321.7,13.4,35,6
1453,2024-10-17,Thursday,afternoon,1121.35,14.1,67,8
1454,2024-10-17,Thursday,evening,1712.65,8.6,173,6
1455,2024-10-17,Thursday,night,631.04,12.6,195,2
1456,2024-10-18,Friday,morning,998.73,14.0,161,2
1457,2024-10-18,Friday,midday,1722.42,16.5,78,6
1458,2024-10-18,Friday,afternoon,1377.13,12.6,199,5
1459,2024-10-18,Friday,evening,2114.07,15.0,187,3
1460,2024-10-18,Friday,night,799.06,11.8,126,3
1461,2024-10-19,Saturday,morning,1059.44,17.5,187,8
1462,2024-10-19,Saturday,midday,2061.88,8.1,178,7
1463,2024-10-19,Saturday,afternoon,1567.07,14.7,186,4
1464,2024-10-19,Saturday,evening,2531.81,9.9,169,5
1465,2024-10-19,Saturday,night,961.07,19.9,155,8
1466,2024-10-20,Sunday,morning,873.06,17.1,68,5
1467,2024-10-20,Sunday,midday,1617.24,18.9,180,6
1468,2024-10-20,Sunday,afternoon,1275.84,13.1,31,2
1469,2024-10-20,Sunday,evening,2033.68,12.5,59,6
1470,2024-10-20,Sunday,night,667.28,18.5,143,7
1471,2024-10-21,Monday,morning,692.04,13.4,124,2
1472,2024-10-21,Monday,midday,1159.32,8.4,106,3
1473,2024-10-21,Monday,afternoon,1076.73,17.4,82,6
1474,2024-10-21,Monday,evening,1554.57,19.3,164,5
1475,2024-10-21,Monday,night,524.54,15.8,101,5
1476,2024-10-22,Tuesday,morning,597.98,15.7,111,5
1477,2024-10-22,Tuesday,midday,1209.76,19.5,41,7
1478,2024-10-22,Tuesday,afternoon,966.97,18.0,105,2
1479,2024-10-22,Tuesday,evening,1491.63,16.8,63,4
1480,2024-10-22,Tuesday,night,444.35,15.6,126,8
1481,2024-10-23,Wednesday,morning,760.83,8.4,152,2
1482,2024-10-23,Wednesday,midday,1476.95,9.0,38,3
1483,2024-10-23,Wednesday,afternoon,1052.21,16.6,104,4
1484,2024-10-23,Wednesday,evening,1729.88,18.1,185,3
1485,2024-10-23,Wednesday,night,680.95,17.1,195,3
1486,2024-10-24,Thursday,morning,769.11,18.1,96,4
1487,2024-10-24,Thursday,midday,1489.35,10.7,87,4
1488,2024-10-24,Thursday,afternoon,1349.45,11.1,45,3
1489,2024-10-24,Thursday,evening,1943.24,11.6,46,7
1490,2024-10-24,Thursday,night,829.12,12.6,189,8
1491,2024-10-25,Friday,morning,1014.13,13.0,150,8
1492,2024-10-25,Friday,midday,1668.9,11.8,45,7
1493,2024-10-25,Friday,afternoon,1353.45,13.8,165,3
1494,2024-10-25,Friday,evening,2237.73,19.1,71,6
1495,2024-10-25,Friday,night,678.96,12.9,72,3
1496,2024-10-26,Saturday,morning,986.97,18.8,150,5
1497,2024-10-26,Saturday,midday,1984.04,9.2,157,8
1498,2024-10-26,Saturday,afternoon,1578.05,19.7,114,3
1499,2024-10-26,Saturday,evening,2410.28,12.6,58,3
1500,2024-10-26,Saturday,night,839.9,14.0,102,4
1501,2024-10-27,Sunday,morning,844.41,11.8,37,4
1502,2024-10-27,Sunday,midday,1676.61,10.5,61,4
1503,2024-10-27,Sunday,afternoon,1306.18,17.3,122,5
1504,2024-10-27,Sunday,evening,2091.32,19.4,192,3
1505,2024-10-27,Sunday,night,536.46,16.0,122,3
1506,2024-10-28,Monday,morning,637.23,15.3,106,4
1507,2024-10-28,Monday,midday,1248.75,19.7,46,5
1508,2024-10-28,Monday,afternoon,1008.5,8.1,171,2
1509,2024-10-28,Monday,evening,1556.12,9.4,90,7
1510,2024-10-28,Monday,night,601.56,9.3,103,2
1511,2024-10-29,Tuesday,morning,840.32,16.6,30,4
1512,2024-10-29,Tuesday,midday,1254.04,8.6,139,2
1513,2024-10-29,Tuesday,afternoon,1148.02,14.8,32,6
1514,2024-10-29,Tuesday,evening,1606.61,13.0,180,6
1515,2024-10-29,Tuesday,night,545.84,10.4,75,8
1516,2024-10-30,Wednesday,morning,748.41,10.7,83,2
1517,2024-10-30,Wednesday,midday,1311.95,14.2,112,7
1518,2024-10-30,Wednesday,afternoon,1303.91,19.6,133,7
1519,2024-10-30,Wednesday,evening,1816.26,16.4,138,2
1520,2024-10-30,Wednesday,night,588.12,18.0,99,6
1521,2024-10-31,Thursday,morning,845.55,15.9,36,2
1522,2024-10-31,Thursday,midday,1461.01,19.9,189,6
1523,2024-10-31,Thursday,afternoon,1172.96,16.7,171,3
1524,2024-10-31,Thursday,evening,1761.04,12.3,124,4
1525,2024-10-31,Thursday,night,554.12,9.8,58,6
1526,2024-11-01,Friday,morning,947.13,17.6,61,3
1527,2024-11-01,Friday,midday,1642.32,9.2,157,5
1528,2024-11-01,Friday,afternoon,1536.42,13.6,33,7
1529,2024-11-01,Friday,evening,2238.33,10.8,31,3
1530,2024-11-01,Friday,night,749.93,18.7,121,3
1531,2024-11-02,Saturday,morning,1102.43,15.1,139,4
1532,2024-11-02,Saturday,midday,1739.84,13.7,40,3
1533,2024-11-02,Saturday,afternoon,1867.54,8.6,158,3
1534,2024-11-02,Saturday,evening,2391.64,19.1,184,3
1535,2024-11-02,Saturday,night,829.84,17.3,52,4
1536,2024-11-03,Sunday,morning,978.8,15.8,138,8
1537,2024-11-03,Sunday,midday,1575.54,19.2,92,7
1538,2024-11-03,Sunday,afternoon,1469.44,9.9,108,5
1539,2024-11-03,Sunday,evening,1991.01,16.5,139,3
1540,2024-11-03,Sunday,night,846.75,15.0,157,2
1541,2024-11-04,Monday,morning,810.1,16.9,190,8
1542,2024-11-04,Monday,midday,1181.68,8.7,159,2
1543,2024-11-04,Monday,afternoon,1001.0,16.9,78,6
1544,2024-11-04,Monday,evening,1561.98,12.9,88,7
1545,2024-11-04,Monday,night,525.6,13.4,91,5
1546,2024-11-05,Tuesday,morning,779.94,8.0,87,7
1547,2024-11-05,Tuesday,midday,1217.28,9.1,103,4
1548,2024-11-05,Tuesday,afternoon,1111.71,12.0,98,7
1549,2024-11-05,Tuesday,evening,1592.86,12.8,140,2
1550,2024-11-05,Tuesday,night,490.14,9.9,48,2
1551,2024-11-06,Wednesday,morning,524.44,19.0,55,5
1552,2024-11-06,Wednesday,midday,1264.74,14.0,155,4
1553,2024-11-06,Wednesday,afternoon,1181.03,13.9,144,4
1554,2024-11-06,Wednesday,evening,1821.81,8.8,180,8
1555,2024-11-06,Wednesday,night,602.42,8.8,141,3
1556,2024-11-07,Thursday,morning,773.81,15.9,36,7
1557,2024-11-07,Thursday,midday,1492.3,16.6,49,2
1558,2024-11-07,Thursday,afternoon,1412.7,17.6,91,2
1559,2024-11-07,Thursday,evening,1835.3,11.2,73,7
1560,2024-11-07,Thursday,night,791.58,18.0,134,7
1561,2024-11-08,Friday,morning,982.24,13.3,75,2
1562,2024-11-08,Friday,midday,1637.99,9.6,169,7
1563,2024-11-08,Friday,afternoon,1386.89,18.9,198,8
1564,2024-11-08,Friday,evening,2184.72,11.1,59,2
1565,2024-11-08,Friday,night,732.48,10.7,69,2
1566,2024-11-09,Saturday,morning,1047.15,18.5,51,8
1567,2024-11-09,Saturday,midday,1853.15,18.2,173,8
1568,2024-11-09,Saturday,afternoon,1720.3,19.2,143,7
1569,2024-11-09,Saturday,evening,2463.42,14.4,109,6
1570,2024-11-09,Saturday,night,660.71,10.5,116,3
1571,2024-11-10,Sunday,morning,852.94,15.1,86,6
1572,2024-11-10,Sunday,midday,1678.17,11.3,158,3
1573,2024-11-10,Sunday,afternoon,1296.68,16.0,77,2
1574,2024-11-10,Sunday,evening,2067.96,14.4,100,2
1575,2024-11-10,Sunday,night,705.68,17.4,162,5
1576,2024-11-11,Monday,morning,556.21,11.0,160,6
1577,2024-11-11,Monday,midday,1143.09,12.8,38,8
1578,2024-11-11,Monday,afternoon,1066.8,11.1,112,7
1579,2024-11-11,Monday,evening,1476.15,18.3,108,5
1580,2024-11-11,Monday,night,392.42,12.3,122,7
1581,2024-11-12,Tuesday,morning,635.24,19.8,140,7
1582,2024-11-12,Tuesday,midday,1136.7,16.8,95,7
1583,2024-11-12,Tuesday,afternoon,1070.17,14.6,117,4
1584,2024-11-12,Tuesday,evening,1630.94,12.9,141,6
1585,2024-11-12,Tuesday,night,422.28,19.6,88,4
1586,2024-11-13,Wednesday,morning,741.53,12.0,57,7
1587,2024-11-13,Wednesday,midday,1367.0,13.9,124,3
1588,2024-11-13,Wednesday,afternoon,1014.57,11.2,154,2
1589,2024-11-13,Wednesday,evening,1669.86,18.2,142,4
1590,2024-11-13,Wednesday,night,404.82,13.1,110,3
1591,2024-11-14,Thursday,morning,850.25,9.9,101,2
1592,2024-11-14,Thursday,midday,1391.78,19.1,92,4
1593,2024-11-14,Thursday,afternoon,1248.01,8.6,138,3
1594,2024-11-14,Thursday,evening,1811.27,9.8,125,6
1595,2024-11-14,Thursday,night,726.4,13.3,131,6
1596,2024-11-15,Friday,morning,1077.72,19.9,35,5
1597,2024-11-15,Friday,midday,1619.78,8.1,125,2
1598,2024-11-15,Friday,afternoon,1489.78,17.1,115,3
1599,2024-11-15,Friday,evening,2112.05,10.3,35,6
1600,2024-11-15,Friday,night,618.8,16.1,186,3
1601,2024-11-16,Saturday,morning,1065.47,18.3,91,3
1602,2024-11-16,Saturday,midday,1941.46,13.7,177,4
1603,2024-11-16,Saturday,afternoon,1695.36,14.2,184,2
1604,2024-11-16,Saturday,evening,2501.92,14.1,61,3
1605,2024-11-16,Saturday,night,826.0,13.0,122,2
1606,2024-11-17,Sunday,morning,987.22,18.8,59,4
1607,2024-11-17,Sunday,midday,1669.11,18.3,92,4
1608,2024-11-17,Sunday,afternoon,1374.93,15.0,126,7
1609,2024-11-17,Sunday,evening,2208.69,17.7,98,5
1610,2024-11-17,Sunday,night,723.72,17.3,152,5
1611,2024-11-18,Monday,morning,706.66,12.6,88,6
1612,2024-11-18,Monday,midday,1187.82,15.5,183,8
1613,2024-11-18,Monday,afternoon,823.53,9.9,56,4
1614,2024-11-18,Monday,evening,1568.11,17.1,142,2
1615,2024-11-18,Monday,night,449.75,16.3,47,2
1616,2024-11-19,Tuesday,morning,870.34,18.9,77,4
1617,2024-11-19,Tuesday,midday,1342.19,13.5,119,6
1618,2024-11-19,Tuesday,afternoon,1082.48,12.4,73,2
1619,2024-11-19,Tuesday,evening,1526.87,12.5,168,3
1620,2024-11-19,Tuesday,night,533.79,10.6,129,4
1621,2024-11-20,Wednesday,morning,822.66,14.7,100,4
1622,2024-11-20,Wednesday,midday,1241.32,17.1,188,7
1623,2024-11-20,Wednesday,afternoon,1113.12,15.9,166,7
1624,2024-11-20,Wednesday,evening,1738.85,11.9,114,7
1625,2024-11-20,Wednesday,night,610.89,13.0,122,3
1626,2024-11-21,Thursday,morning,739.84,12.8,71,7
1627,2024-11-21,Thursday,midday,1431.79,12.3,96,3
1628,2024-11-21,Thursday,afternoon,1293.25,10.1,147,3
1629,2024-11-21,Thursday,evening,1838.18,16.8,37,5
1630,2024-11-21,Thursday,night,532.49,10.6,112,7
1631,2024-11-22,Friday,morning,940.87,14.5,80,6
1632,2024-11-22,Friday,midday,1693.63,10.1,195,3
1633,2024-11-22,Friday,afternoon,1418.61,15.7,64,7
1634,2024-11-22,Friday,evening,2101.91,15.4,73,7
1635,2024-11-22,Friday,night,650.67,14.6,64,7
1636,2024-11-23,Saturday,morning,1075.84,13.8,187,2
1637,2024-11-23,Saturday,midday,1935.54,16.1,169,6
1638,2024-11-23,Saturday,afternoon,1671.49,17.5,176,8
1639,2024-11-23,Saturday,evening,2445.04,18.0,175,3
1640,2024-11-23,Saturday,night,895.17,17.0,123,5
1641,2024-11-24,Sunday,morning,719.34,17.9,197,2
1642,2024-11-24,Sunday,midday,1677.33,9.0,189,2
1643,2024-11-24,Sunday,afternoon,1277.58,14.1,67,4
1644,2024-11-24,Sunday,evening,2003.24,17.7,47,3
1645,2024-11-24,Sunday,night,852.2,8.3,188,3
1646,2024-11-25,Monday,morning,570.83,13.3,146,6
1647,2024-11-25,Monday,midday,1193.62,11.8,192,4
1648,2024-11-25,Monday,afternoon,1070.65,15.2,63,4
1649,2024-11-25,Monday,evening,1407.76,8.3,60,2
1650,2024-11-25,Monday,night,635.79,9.9,104,7
1651,2024-11-26,Tuesday,morning,687.69,18.9,82,5
1652,2024-11-26,Tuesday,midday,1436.93,15.2,101,6
1653,2024-11-26,Tuesday,afternoon,1210.67,16.8,88,4
1654,2024-11-26,Tuesday,evening,1554.96,9.1,199,6
1655,2024-11-26,Tuesday,night,432.15,18.6,127,7
1656,2024-11-27,Wednesday,morning,770.87,14.5,126,8
1657,2024-11-27,Wednesday,midday,1382.19,19.3,86,4
1658,2024-11-27,Wednesday,afternoon,998.86,11.2,160,3
1659,2024-11-27,Wednesday,evening,1755.76,8.5,54,3
1660,2024-11-27,Wednesday,night,620.74,13.3,124,5
1661,2024-11-28,Thursday,morning,705.82,8.3,121,5
1662,2024-11-28,Thursday,midday,1394.16,10.5,118,5
1663,2024-11-28,Thursday,afternoon,1186.91,12.9,164,8
1664,2024-11-28,Thursday,evening,1683.54,9.8,77,5
1665,2024-11-28,Thursday,night,653.94,19.4,197,7
1666,2024-11-29,Friday,morning,949.92,11.0,176,8
1667,2024-11-29,Friday,midday,1730.83,12.2,61,5
1668,2024-11-29,Friday,afternoon,1403.47,11.4,181,6
1669,2024-11-29,Friday,evening,2197.98,17.7,107,4
1670,2024-11-29,Friday,night,661.57,17.5,65,6
1671,2024-11-30,Saturday,morning,982.58,18.8,73,4
1672,2024-11-30,Saturday,midday,1856.63,16.1,54,8
1673,2024-11-30,Saturday,afternoon,1704.1,13.6,141,3
1674,2024-11-30,Saturday,evening,2414.42,18.2,69,5
1675,2024-11-30,Saturday,night,889.98,11.8,194,8
1676,2024-12-01,Sunday,morning,1070.6,13.2,101,3
1677,2024-12-01,Sunday,midday,1713.66,18.1,71,5
1678,2024-12-01,Sunday,afternoon,1455.07,15.0,79,5
1679,2024-12-01,Sunday,evening,2013.78,9.2,81,5
1680,2024-12-01,Sunday,night,616.78,8.5,195,6
1681,2024-12-02,Monday,morning,748.59,18.2,108,7
1682,2024-12-02,Monday,midday,1241.1,16.7,88,6
1683,2024-12-02,Monday,afternoon,1054.77,9.3,46,7
1684,2024-12-02,Monday,evening,1595.13,9.9,108,3
1685,2024-12-02,Monday,night,507.73,17.6,45,8
1686,2024-12-03,Tuesday,morning,866.36,14.9,42,3
1687,2024-12-03,Tuesday,midday,1260.33,11.0,52,4
1688,2024-12-03,Tuesday,afternoon,1113.52,13.9,94,2
1689,2024-12-03,Tuesday,evening,1592.43,12.5,135,2
1690,2024-12-03,Tuesday,night,624.63,17.1,32,2
1691,2024-12-04,Wednesday,morning,741.71,16.4,35,3
1692,2024-12-04,Wednesday,midday,1363.62,10.5,39,4
1693,2024-12-04,Wednesday,afternoon,1143.58,19.2,130,3
1694,2024-12-04,Wednesday,evening,1627.67,11.7,48,6
1695,2024-12-04,Wednesday,night,660.76,13.3,141,6
1696,2024-12-05,Thursday,morning,769.18,17.2,151,4
1697,2024-12-05,Thursday,midday,1435.63,18.7,134,3
1698,2024-12-05,Thursday,afternoon,1273.51,15.9,173,3
1699,2024-12-05,Thursday,evening,1698.44,10.9,172,6
1700,2024-12-05,Thursday,night,625.16,18.4,50,7
1701,2024-12-06,Friday,morning,847.89,19.7,33,4
1702,2024-12-06,Friday,midday,1800.99,15.5,191,3
1703,2024-12-06,Friday,afternoon,1489.77,9.6,106,5
1704,2024-12-06,Friday,evening,2084.84,16.6,82,3
1705,2024-12-06,Friday,night,646.92,15.9,35,5
1706,2024-12-07,Saturday,morning,988.64,13.3,113,6
1707,2024-12-07,Saturday,midday,1830.61,9.5,50,4
1708,2024-12-07,Saturday,afternoon,1578.43,8.5,105,4
1709,2024-12-07,Saturday,evening,2464.46,9.9,53,7
1710,2024-12-07,Saturday,night,692.79,15.7,106,2
1711,2024-12-08,Sunday,morning,952.59,16.5,187,5
1712,2024-12-08,Sunday,midday,1434.68,15.6,136,2
1713,2024-12-08,Sunday,afternoon,1445.97,13.8,143,5
1714,2024-12-08,Sunday,evening,2130.25,9.3,88,5
1715,2024-12-08,Sunday,night,759.15,15.8,126,5
1716,2024-12-09,Monday,morning,666.27,14.2,172,4
1717,2024-12-09,Monday,midday,1243.58,15.8,97,8
1718,2024-12-09,Monday,afternoon,928.2,19.1,69,5
1719,2024-12-09,Monday,evening,1445.57,12.3,184,6
1720,2024-12-09,Monday,night,580.06,10.1,68,4
1721,2024-12-10,Tuesday,morning,767.15,14.7,136,2
1722,2024-12-10,Tuesday,midday,1224.54,8.4,143,7
1723,2024-12-10,Tuesday,afternoon,1138.62,15.0,46,2
1724,2024-12-10,Tuesday,evening,1585.64,19.1,57,5
1725,2024-12-10,Tuesday,night,499.62,8.2,126,4
1726,2024-12-11,Wednesday,morning,880.31,9.5,151,2
1727,2024-12-11,Wednesday,midday,1375.57,10.7,50,8
1728,2024-12-11,Wednesday,afternoon,1144.54,9.1,79,6
1729,2024-12-11,Wednesday,evening,1666.85,17.9,136,5
1730,2024-12-11,Wednesday,night,565.19,11.0,91,4
1731,2024-12-12,Thursday,morning,813.23,16.9,54,6
1732,2024-12-12,Thursday,midday,1379.03,19.3,134,4
1733,2024-12-12,Thursday,afternoon,1069.51,9.2,46,6
1734,2024-12-12,Thursday,evening,1708.12,16.3,180,8
1735,2024-12-12,Thursday,night,588.31,14.0,77,6
1736,2024-12-13,Friday,morning,896.52,13.2,102,5
1737,2024-12-13,Friday,midday,1622.1,11.3,194,6
1738,2024-12-13,Friday,afternoon,1405.42,9.0,162,5
1739,2024-12-13,Friday,evening,2118.71,11.8,158,4
1740,2024-12-13,Friday,night,784.68,16.6,125,3
1741,2024-12-14,Saturday,morning,936.06,11.3,183,3
1742,2024-12-14,Saturday,midday,1978.53,19.9,149,4
1743,2024-12-14,Saturday,afternoon,1768.67,17.6,64,6
1744,2024-12-14,Saturday,evening,2377.67,15.8,172,2
1745,2024-12-14,Saturday,night,950.09,10.1,96,7
1746,2024-12-15,Sunday,morning,996.47,15.4,79,5
1747,2024-12-15,Sunday,midday,1486.98,9.2,199,8
1748,2024-12-15,Sunday,afternoon,1409.49,9.3,151,7
1749,2024-12-15,Sunday,evening,1997.96,8.5,78,5
1750,2024-12-15,Sunday,night,591.56,12.7,138,3
1751,2024-12-16,Monday,morning,592.9,16.9,196,4
1752,2024-12-16,Monday,midday,1277.54,12.8,175,5
1753,2024-12-16,Monday,afternoon,968.62,19.4,161,8
1754,2024-12-16,Monday,evening,1525.01,12.1,172,5
1755,2024-12-16,Monday,night,542.14,16.2,49,7
1756,2024-12-17,Tuesday,morning,727.53,14.7,74,8
1757,2024-12-17,Tuesday,midday,1171.46,18.7,147,5
1758,2024-12-17,Tuesday,afternoon,1187.84,12.0,183,4
1759,2024-12-17,Tuesday,evening,1787.32,10.2,169,7
1760,2024-12-17,Tuesday,night,523.0,10.1,52,3
1761,2024-12-18,Wednesday,morning,836.59,13.7,56,6
1762,2024-12-18,Wednesday,midday,1268.36,9.9,171,3
1763,2024-12-18,Wednesday,afternoon,1285.09,19.6,103,4
1764,2024-12-18,Wednesday,evening,1690.97,9.0,82,5
1765,2024-12-18,Wednesday,night,740.51,10.6,149,2
1766,2024-12-19,Thursday,morning,704.82,13.3,191,5
1767,2024-12-19,Thursday,midday,1408.05,19.3,133,4
1768,2024-12-19,Thursday,afternoon,1165.39,10.9,181,2
1769,2024-12-19,Thursday,evening,1718.93,16.0,53,3
1770,2024-12-19,Thursday,night,619.73,13.4,84,2
1771,2024-12-20,Friday,morning,792.31,18.6,61,8
1772,2024-12-20,Friday,midday,1853.61,18.2,35,7
1773,2024-12-20,Friday,afternoon,1404.67,16.3,170,3
1774,2024-12-20,Friday,evening,2018.64,17.8,69,6
1775,2024-12-20,Friday,night,648.31,9.9,53,7
1776,2024-12-21,Saturday,morning,1097.05,19.8,199,7
1777,2024-12-21,Saturday,midday,1846.18,10.3,104,6
1778,2024-12-21,Saturday,afternoon,1693.2,16.2,42,6
1779,2024-12-21,Saturday,evening,2404.39,12.0,195,4
1780,2024-12-21,Saturday,night,836.89,16.0,140,8
1781,2024-12-22,Sunday,morning,833.57,13.6,175,4
1782,2024-12-22,Sunday,midday,1596.96,19.0,188,3
1783,2024-12-22,Sunday,afternoon,1401.88,16.2,62,3
1784,2024-12-22,Sunday,evening,2013.67,9.6,156,7
1785,2024-12-22,Sunday,night,591.21,20.0,144,5
1786,2024-12-23,Monday,morning,848.64,17.5,191,8
1787,2024-12-23,Monday,midday,1288.89,10.1,49,2
1788,2024-12-23,Monday,afternoon,1209.46,13.4,34,5
1789,2024-12-23,Monday,evening,1525.99,9.0,89,8
1790,2024-12-23,Monday,night,415.32,9.7,42,6
1791,2024-12-24,Tuesday,morning,658.28,15.6,136,5
1792,2024-12-24,Tuesday,midday,1298.69,8.7,159,2
1793,2024-12-24,Tuesday,afternoon,1031.59,20.0,81,3
1794,2024-12-24,Tuesday,evening,1718.01,12.0,33,2
1795,2024-12-24,Tuesday,night,562.47,13.1,155,7
1796,2024-12-25,Wednesday,morning,775.02,13.9,125,8
1797,2024-12-25,Wednesday,midday,1393.5,11.8,128,7
1798,2024-12-25,Wednesday,afternoon,1185.34,11.1,188,2
1799,2024-12-25,Wednesday,evening,1612.11,9.2,55,5
1800,2024-12-25,Wednesday,night,570.19,15.9,157,7
1801,2024-12-26,Thursday,morning,713.64,8.3,183,5
1802,2024-12-26,Thursday,midday,1439.16,18.5,107,2
1803,2024-12-26,Thursday,afternoon,1134.1,15.2,30,8
1804,2024-12-26,Thursday,evening,1748.45,13.7,93,4
1805,2024-12-26,Thursday,night,530.88,11.6,184,6
1806,2024-12-27,Friday,morning,923.7,8.6,108,6
1807,2024-12-27,Friday,midday,1694.21,12.8,174,8
1808,2024-12-27,Friday,afternoon,1588.89,19.9,37,5
1809,2024-12-27,Friday,evening,2061.77,16.7,67,6
1810,2024-12-27,Friday,night,745.24,16.8,107,7
1811,2024-12-28,Saturday,morning,1099.89,11.5,200,2
1812,2024-12-28,Saturday,midday,1876.02,9.8,45,8
1813,2024-12-28,Saturday,afternoon,1625.02,15.8,97,3
1814,2024-12-28,Saturday,evening,2410.6,16.8,87,7
1815,2024-12-28,Saturday,night,782.48,15.3,113,6
1816,2024-12-29,Sunday,morning,825.8,15.0,55,3
1817,2024-12-29,Sunday,midday,1455.14,19.4,69,8
1818,2024-12-29,Sunday,afternoon,1442.05,13.4,172,8
1819,2024-12-29,Sunday,evening,2051.37,14.3,156,2
1820,2024-12-29,Sunday,night,764.71,19.2,71,8
1821,2024-12-30,Monday,morning,723.47,14.6,46,4
1822,2024-12-30,Monday,midday,1122.26,12.0,69,5
1823,2024-12-30,Monday,afternoon,1065.39,16.4,178,2
1824,2024-12-30,Monday,evening,1580.71,18.2,147,6
1825,2024-12-30,Monday,night,510.53,18.0,60,3
